frame_id,source,frame,box_index,origin,label,x1,y1,x2,y2,confidence
120GOPRO/GOPR7083.JPG,120GOPRO,GOPR7083.JPG,0,model,not_fish,1,254,2458,2304,0.708
120GOPRO/GOPR7083.JPG,120GOPRO,GOPR7083.JPG,1,model,not_fish,4,1606,2455,3000,0.155
120GOPRO/GOPR7147.JPG,120GOPRO,GOPR7147.JPG,0,model,not_fish,1192,2082,1308,2177,0.376
120GOPRO/GOPR7174.JPG,120GOPRO,GOPR7174.JPG,0,model,not_fish,1254,2037,1358,2127,0.218
120GOPRO/GOPR7257.JPG,120GOPRO,GOPR7257.JPG,0,model,not_fish,1626,1204,3221,1610,0.101
120GOPRO/GOPR7290.JPG,120GOPRO,GOPR7290.JPG,0,model,not_fish,311,1471,726,1642,0.478
120GOPRO/GOPR7318.JPG,120GOPRO,GOPR7318.JPG,0,model,not_fish,361,1470,737,1632,0.133
120GOPRO/GOPR7373.JPG,120GOPRO,GOPR7373.JPG,0,model,not_fish,322,1786,1824,2521,0.372
120GOPRO/GOPR7551.JPG,120GOPRO,GOPR7551.JPG,0,model,not_fish,3008,2186,3152,2331,0.461
120GOPRO/GOPR7615.JPG,120GOPRO,GOPR7615.JPG,0,model,not_fish,2599,2378,2805,2541,0.636
120GOPRO/GOPR7615.JPG,120GOPRO,GOPR7615.JPG,1,model,not_fish,2779,249,3027,346,0.604
120GOPRO/GOPR7615.JPG,120GOPRO,GOPR7615.JPG,2,model,not_fish,2649,2515,2762,2678,0.489
120GOPRO/GOPR7864.JPG,120GOPRO,GOPR7864.JPG,0,model,fish,821,1224,3290,2714,0.755
120GOPRO/GOPR7864.JPG,120GOPRO,GOPR7864.JPG,1,model,fish,1655,1032,3996,1896,0.271
120GOPRO/GOPR7864.JPG,120GOPRO,GOPR7864.JPG,2,model,fish,1656,1029,3999,2338,0.138
120GOPRO/GOPR7877.JPG,120GOPRO,GOPR7877.JPG,0,model,not_fish,1565,616,4000,1539,0.68
120GOPRO/GOPR7879.JPG,120GOPRO,GOPR7879.JPG,0,model,not_fish,1572,682,4000,1567,0.494
120GOPRO/GOPR7884.JPG,120GOPRO,GOPR7884.JPG,0,model,not_fish,0,1726,2456,3000,0.125
120GOPRO/GOPR7891.JPG,120GOPRO,GOPR7891.JPG,0,model,fish,845,1007,3291,2721,0.795
ALLFISHDATA/Predator camera/DCIM/100GOPRO/GOPR8021.JPG,ALLFISHDATA,Predator camera/DCIM/100GOPRO/GOPR8021.JPG,0,model,fish,2540,1306,3047,1670,0.871
ALLFISHDATA/Predator camera/DCIM/100GOPRO/GOPR8021.JPG,ALLFISHDATA,Predator camera/DCIM/100GOPRO/GOPR8021.JPG,1,model,not_fish,0,2812,262,3000,0.115
ALLFISHDATA/Predator camera/DCIM/100GOPRO/GOPR8066.JPG,ALLFISHDATA,Predator camera/DCIM/100GOPRO/GOPR8066.JPG,0,model,not_fish,971,2162,1246,2330,0.233
ALLFISHDATA/Predator camera/DCIM/100GOPRO/GOPR8262.JPG,ALLFISHDATA,Predator camera/DCIM/100GOPRO/GOPR8262.JPG,0,model,fish,2522,2723,2719,2846,0.76
ALLFISHDATA/Predator camera/DCIM/100GOPRO/GOPR8367.JPG,ALLFISHDATA,Predator camera/DCIM/100GOPRO/GOPR8367.JPG,0,model,fish,1575,2194,1787,2403,0.439
ALLFISHDATA/Predator camera/DCIM/100GOPRO/GOPR8367.JPG,ALLFISHDATA,Predator camera/DCIM/100GOPRO/GOPR8367.JPG,1,model,fish,2349,2610,2642,2743,0.315
ALLFISHDATA/Predator camera/DCIM/100GOPRO/GOPR8367.JPG,ALLFISHDATA,Predator camera/DCIM/100GOPRO/GOPR8367.JPG,2,model,fish,608,2945,871,3000,0.185
ALLFISHDATA/Predator camera/DCIM/100GOPRO/GOPR8367.JPG,ALLFISHDATA,Predator camera/DCIM/100GOPRO/GOPR8367.JPG,3,model,fish,2567,2739,2737,2860,0.103
ALLFISHDATA/Predator camera/DCIM/100GOPRO/GOPR8391.JPG,ALLFISHDATA,Predator camera/DCIM/100GOPRO/GOPR8391.JPG,0,model,not_fish,1662,9,1861,505,0.773
ALLFISHDATA/Predator camera/DCIM/100GOPRO/GOPR8394.JPG,ALLFISHDATA,Predator camera/DCIM/100GOPRO/GOPR8394.JPG,0,model,not_fish,2566,2730,2743,2860,0.289
ALLFISHDATA/Predator camera/DCIM/100GOPRO/GOPR8426.JPG,ALLFISHDATA,Predator camera/DCIM/100GOPRO/GOPR8426.JPG,0,model,fish,2575,2743,2738,2859,0.127
ALLFISHDATA/Predator camera/DCIM/100GOPRO/GOPR8584.JPG,ALLFISHDATA,Predator camera/DCIM/100GOPRO/GOPR8584.JPG,0,model,not_fish,2581,2740,2731,2856,0.222
ALLFISHDATA/Predator camera/DCIM/100GOPRO/GOPR8635.JPG,ALLFISHDATA,Predator camera/DCIM/100GOPRO/GOPR8635.JPG,0,model,not_fish,1995,2550,2737,2884,0.453
ALLFISHDATA/Predator camera/DCIM/100GOPRO/GOPR8635.JPG,ALLFISHDATA,Predator camera/DCIM/100GOPRO/GOPR8635.JPG,1,model,not_fish,1618,2529,2735,2881,0.313
ALLFISHDATA/Predator camera/DCIM/100GOPRO/GOPR8659.JPG,ALLFISHDATA,Predator camera/DCIM/100GOPRO/GOPR8659.JPG,0,model,not_fish,1448,2526,2745,2992,0.603
ALLFISHDATA/Predator camera/DCIM/100GOPRO/GOPR8659.JPG,ALLFISHDATA,Predator camera/DCIM/100GOPRO/GOPR8659.JPG,1,model,not_fish,2326,2608,2740,2896,0.217
ALLFISHDATA/Predator camera/DCIM/100GOPRO/GOPR8930.JPG,ALLFISHDATA,Predator camera/DCIM/100GOPRO/GOPR8930.JPG,0,model,fish,810,1896,1243,2254,0.636
ALLFISHDATA/Predator camera/DCIM/100GOPRO/GOPR8930.JPG,ALLFISHDATA,Predator camera/DCIM/100GOPRO/GOPR8930.JPG,1,model,fish,1575,2189,1790,2403,0.165
ALLFISHDATA/Predator camera/DCIM/100GOPRO/GOPR8930.JPG,ALLFISHDATA,Predator camera/DCIM/100GOPRO/GOPR8930.JPG,2,model,not_fish,2534,2753,2708,2860,0.163
ALLFISHDATA/Predator camera/DCIM/100GOPRO/GOPR8931.JPG,ALLFISHDATA,Predator camera/DCIM/100GOPRO/GOPR8931.JPG,0,model,not_fish,2535,2751,2713,2860,0.241
ALLFISHDATA/Predator camera/DCIM/100GOPRO/GOPR8931.JPG,ALLFISHDATA,Predator camera/DCIM/100GOPRO/GOPR8931.JPG,1,model,not_fish,1574,2189,1790,2402,0.186
ALLFISHDATA/Predator camera/DCIM/100GOPRO/GOPR8936.JPG,ALLFISHDATA,Predator camera/DCIM/100GOPRO/GOPR8936.JPG,0,model,not_fish,2534,2755,2710,2862,0.325
ALLFISHDATA/Predator camera/DCIM/100GOPRO/GOPR8936.JPG,ALLFISHDATA,Predator camera/DCIM/100GOPRO/GOPR8936.JPG,1,model,not_fish,1561,2189,1792,2401,0.191
ALLFISHDATA/Predator camera/DCIM/100GOPRO/GOPR8991.JPG,ALLFISHDATA,Predator camera/DCIM/100GOPRO/GOPR8991.JPG,0,model,not_fish,385,2943,802,3000,0.103
ALLFISHDATA/Predator camera/DCIM/100GOPRO/GOPR9000.JPG,ALLFISHDATA,Predator camera/DCIM/100GOPRO/GOPR9000.JPG,0,model,not_fish,2535,2755,2709,2861,0.321
ALLFISHDATA/Predator camera/DCIM/101GOPRO/GOPR9014.JPG,ALLFISHDATA,Predator camera/DCIM/101GOPRO/GOPR9014.JPG,0,model,fish,2136,1870,2640,2130,0.685
ALLFISHDATA/Predator camera/DCIM/101GOPRO/GOPR9014.JPG,ALLFISHDATA,Predator camera/DCIM/101GOPRO/GOPR9014.JPG,1,model,not_fish,2536,2758,2708,2860,0.555
ALLFISHDATA/Predator camera/DCIM/101GOPRO/GOPR9072.JPG,ALLFISHDATA,Predator camera/DCIM/101GOPRO/GOPR9072.JPG,0,model,fish,1577,2514,2061,2741,0.441
ALLFISHDATA/Predator camera/DCIM/101GOPRO/GOPR9083.JPG,ALLFISHDATA,Predator camera/DCIM/101GOPRO/GOPR9083.JPG,0,model,not_fish,1498,1083,1844,1214,0.171
ALLFISHDATA/Predator camera/DCIM/101GOPRO/GOPR9083.JPG,ALLFISHDATA,Predator camera/DCIM/101GOPRO/GOPR9083.JPG,1,model,not_fish,1403,1068,1852,1240,0.143
ALLFISHDATA/Predator camera/DCIM/101GOPRO/GOPR9083.JPG,ALLFISHDATA,Predator camera/DCIM/101GOPRO/GOPR9083.JPG,2,model,not_fish,1287,1063,1856,1283,0.12
ALLFISHDATA/Predator camera/DCIM/101GOPRO/GOPR9083.JPG,ALLFISHDATA,Predator camera/DCIM/101GOPRO/GOPR9083.JPG,3,model,not_fish,2574,1233,2821,1305,0.106
ALLFISHDATA/Predator camera/DCIM/101GOPRO/GOPR9229.JPG,ALLFISHDATA,Predator camera/DCIM/101GOPRO/GOPR9229.JPG,0,model,not_fish,2548,2743,2734,2862,0.483
ALLFISHDATA/Predator camera/DCIM/101GOPRO/GOPR9232.JPG,ALLFISHDATA,Predator camera/DCIM/101GOPRO/GOPR9232.JPG,0,model,not_fish,2552,2744,2733,2863,0.67
ALLFISHDATA/Predator camera/DCIM/101GOPRO/GOPR9284.JPG,ALLFISHDATA,Predator camera/DCIM/101GOPRO/GOPR9284.JPG,0,model,not_fish,2550,2743,2730,2864,0.139
ALLFISHDATA/Predator camera/DCIM/101GOPRO/GOPR9284.JPG,ALLFISHDATA,Predator camera/DCIM/101GOPRO/GOPR9284.JPG,1,model,not_fish,98,2773,844,3000,0.12
ALLFISHDATA/Predator camera/DCIM/101GOPRO/GOPR9314.JPG,ALLFISHDATA,Predator camera/DCIM/101GOPRO/GOPR9314.JPG,0,model,not_fish,884,1821,2661,2444,0.154
ALLFISHDATA/Predator camera/DCIM/101GOPRO/GOPR9335.JPG,ALLFISHDATA,Predator camera/DCIM/101GOPRO/GOPR9335.JPG,0,model,not_fish,283,2726,824,2932,0.731
ALLFISHDATA/Predator camera/DCIM/101GOPRO/GOPR9335.JPG,ALLFISHDATA,Predator camera/DCIM/101GOPRO/GOPR9335.JPG,1,model,fish,1789,2533,2042,2757,0.394
ALLFISHDATA/Predator camera/DCIM/101GOPRO/GOPR9335.JPG,ALLFISHDATA,Predator camera/DCIM/101GOPRO/GOPR9335.JPG,2,model,fish,328,2292,689,2641,0.322
ALLFISHDATA/Predator camera/DCIM/101GOPRO/GOPR9335.JPG,ALLFISHDATA,Predator camera/DCIM/101GOPRO/GOPR9335.JPG,3,model,not_fish,669,2079,1149,2312,0.167
ALLFISHDATA/Predator camera/DCIM/101GOPRO/GOPR9348.JPG,ALLFISHDATA,Predator camera/DCIM/101GOPRO/GOPR9348.JPG,0,missed,fish,2065,2462,2320,2772,
ALLFISHDATA/Predator camera/DCIM/101GOPRO/GOPR9348.JPG,ALLFISHDATA,Predator camera/DCIM/101GOPRO/GOPR9348.JPG,1,missed,fish,1579,2434,1824,2630,
ALLFISHDATA/Predator camera/DCIM/101GOPRO/GOPR9349.JPG,ALLFISHDATA,Predator camera/DCIM/101GOPRO/GOPR9349.JPG,0,model,not_fish,1910,0,2466,96,0.45
ALLFISHDATA/Predator camera/DCIM/101GOPRO/GOPR9349.JPG,ALLFISHDATA,Predator camera/DCIM/101GOPRO/GOPR9349.JPG,1,model,not_fish,2462,2942,2633,3000,0.105
ALLFISHDATA/Predator camera/DCIM/101GOPRO/GOPR9423.JPG,ALLFISHDATA,Predator camera/DCIM/101GOPRO/GOPR9423.JPG,0,model,not_fish,1898,0,2488,71,0.402
ALLFISHDATA/Predator camera/DCIM/101GOPRO/GOPR9425.JPG,ALLFISHDATA,Predator camera/DCIM/101GOPRO/GOPR9425.JPG,0,model,not_fish,1902,0,2482,66,0.238
ALLFISHDATA/Predator camera/DCIM/101GOPRO/GOPR9910.JPG,ALLFISHDATA,Predator camera/DCIM/101GOPRO/GOPR9910.JPG,0,model,not_fish,1551,0,1658,138,0.281
ALLFISHDATA/Predator camera/DCIM/101GOPRO/GOPR9923.JPG,ALLFISHDATA,Predator camera/DCIM/101GOPRO/GOPR9923.JPG,0,model,not_fish,1895,0,2467,93,0.603
ALLFISHDATA/Predator camera/DCIM/102GOPRO/GOPR0036.JPG,ALLFISHDATA,Predator camera/DCIM/102GOPRO/GOPR0036.JPG,0,model,not_fish,1896,0,2597,69,0.254
ALLFISHDATA/Predator camera/DCIM/102GOPRO/GOPR0109.JPG,ALLFISHDATA,Predator camera/DCIM/102GOPRO/GOPR0109.JPG,0,model,not_fish,2380,2594,2688,2951,0.204
ALLFISHDATA/Predator camera/DCIM/102GOPRO/GOPR0217.JPG,ALLFISHDATA,Predator camera/DCIM/102GOPRO/GOPR0217.JPG,0,model,not_fish,2829,1346,3117,1493,0.591
ALLFISHDATA/Predator camera/DCIM/102GOPRO/GOPR0217.JPG,ALLFISHDATA,Predator camera/DCIM/102GOPRO/GOPR0217.JPG,1,model,not_fish,2790,2855,3510,3000,0.512
ALLFISHDATA/Predator camera/DCIM/102GOPRO/GOPR0217.JPG,ALLFISHDATA,Predator camera/DCIM/102GOPRO/GOPR0217.JPG,2,model,not_fish,1907,104,2404,282,0.329
ALLFISHDATA/Predator camera/DCIM/102GOPRO/GOPR0262.JPG,ALLFISHDATA,Predator camera/DCIM/102GOPRO/GOPR0262.JPG,0,model,not_fish,1854,0,2464,78,0.623
ALLFISHDATA/Predator camera/DCIM/102GOPRO/GOPR0262.JPG,ALLFISHDATA,Predator camera/DCIM/102GOPRO/GOPR0262.JPG,1,model,not_fish,2805,2858,3380,3000,0.289
ALLFISHDATA/Predator camera/DCIM/102GOPRO/GOPR0262.JPG,ALLFISHDATA,Predator camera/DCIM/102GOPRO/GOPR0262.JPG,2,model,not_fish,3146,2926,3476,3000,0.219
ALLFISHDATA/Predator camera/DCIM/102GOPRO/GOPR0262.JPG,ALLFISHDATA,Predator camera/DCIM/102GOPRO/GOPR0262.JPG,3,model,not_fish,2444,2932,2621,3000,0.189
ALLFISHDATA/Predator camera/DCIM/102GOPRO/GOPR0669.JPG,ALLFISHDATA,Predator camera/DCIM/102GOPRO/GOPR0669.JPG,0,model,not_fish,1616,2327,1886,2467,0.195
ALLFISHDATA/Predator camera/DCIM/102GOPRO/GOPR0669.JPG,ALLFISHDATA,Predator camera/DCIM/102GOPRO/GOPR0669.JPG,1,model,not_fish,2457,2931,2647,3000,0.177
ALLFISHDATA/Predator camera/DCIM/102GOPRO/GOPR0669.JPG,ALLFISHDATA,Predator camera/DCIM/102GOPRO/GOPR0669.JPG,2,model,not_fish,2014,2947,2253,3000,0.102
ALLFISHDATA/Predator camera/DCIM/102GOPRO/GOPR0733.JPG,ALLFISHDATA,Predator camera/DCIM/102GOPRO/GOPR0733.JPG,0,model,not_fish,1612,2322,1884,2467,0.558
ALLFISHDATA/Predator camera/DCIM/102GOPRO/GOPR0733.JPG,ALLFISHDATA,Predator camera/DCIM/102GOPRO/GOPR0733.JPG,1,model,not_fish,2437,2927,2633,3000,0.135
ALLFISHDATA/Predator camera/DCIM/102GOPRO/GOPR0740.JPG,ALLFISHDATA,Predator camera/DCIM/102GOPRO/GOPR0740.JPG,0,model,not_fish,1610,2324,1885,2467,0.27
ALLFISHDATA/Predator camera/DCIM/102GOPRO/GOPR0740.JPG,ALLFISHDATA,Predator camera/DCIM/102GOPRO/GOPR0740.JPG,1,model,not_fish,2452,2929,2640,3000,0.208
ALLFISHDATA/Predator camera/DCIM/102GOPRO/GOPR0742.JPG,ALLFISHDATA,Predator camera/DCIM/102GOPRO/GOPR0742.JPG,0,model,not_fish,1605,2320,1885,2468,0.31
ALLFISHDATA/Predator camera/DCIM/102GOPRO/GOPR0742.JPG,ALLFISHDATA,Predator camera/DCIM/102GOPRO/GOPR0742.JPG,1,model,not_fish,1241,2248,1641,2503,0.243
ALLFISHDATA/Predator camera/DCIM/102GOPRO/GOPR0742.JPG,ALLFISHDATA,Predator camera/DCIM/102GOPRO/GOPR0742.JPG,2,model,not_fish,2450,2929,2644,3000,0.223
ALLFISHDATA/Predator camera/DCIM/102GOPRO/GOPR0809.JPG,ALLFISHDATA,Predator camera/DCIM/102GOPRO/GOPR0809.JPG,0,model,not_fish,2449,2929,2639,3000,0.124
ALLFISHDATA/Predator camera/DCIM/102GOPRO/GOPR0865.JPG,ALLFISHDATA,Predator camera/DCIM/102GOPRO/GOPR0865.JPG,0,model,not_fish,1913,0,2545,60,0.257
ALLFISHDATA/Predator camera/DCIM/102GOPRO/GOPR0869.JPG,ALLFISHDATA,Predator camera/DCIM/102GOPRO/GOPR0869.JPG,0,model,not_fish,1911,0,2499,61,0.18
ALLFISHDATA/Predator camera/DCIM/102GOPRO/GOPR0974.JPG,ALLFISHDATA,Predator camera/DCIM/102GOPRO/GOPR0974.JPG,0,model,not_fish,3051,1343,3432,1849,0.625
ALLFISHDATA/Predator camera/DCIM/102GOPRO/GOPR0974.JPG,ALLFISHDATA,Predator camera/DCIM/102GOPRO/GOPR0974.JPG,1,model,not_fish,3,873,2456,2775,0.398
ALLFISHDATA/Predator camera/DCIM/102GOPRO/GOPR0974.JPG,ALLFISHDATA,Predator camera/DCIM/102GOPRO/GOPR0974.JPG,2,model,not_fish,2049,44,2287,396,0.116
ALLFISHDATA/Predator camera/DCIM/102GOPRO/GOPR0979.JPG,ALLFISHDATA,Predator camera/DCIM/102GOPRO/GOPR0979.JPG,0,model,not_fish,3353,1134,4000,1486,0.12
ALLFISHDATA/Predator camera/DCIM/103GOPRO/GOPR1084.JPG,ALLFISHDATA,Predator camera/DCIM/103GOPRO/GOPR1084.JPG,0,model,not_fish,0,0,2456,1884,0.424
ALLFISHDATA/Predator camera/DCIM/103GOPRO/GOPR1084.JPG,ALLFISHDATA,Predator camera/DCIM/103GOPRO/GOPR1084.JPG,1,model,not_fish,2,179,2372,2432,0.27
ALLFISHDATA/Predator camera/DCIM/103GOPRO/GOPR1093.JPG,ALLFISHDATA,Predator camera/DCIM/103GOPRO/GOPR1093.JPG,0,model,not_fish,0,0,2457,1871,0.701
ALLFISHDATA/Predator camera/DCIM/103GOPRO/GOPR1093.JPG,ALLFISHDATA,Predator camera/DCIM/103GOPRO/GOPR1093.JPG,1,model,not_fish,44,0,2540,1237,0.454
ALLFISHDATA/Predator camera/DCIM/103GOPRO/GOPR1093.JPG,ALLFISHDATA,Predator camera/DCIM/103GOPRO/GOPR1093.JPG,2,model,not_fish,0,176,2372,2427,0.216
ALLFISHDATA/Predator camera/DCIM/103GOPRO/GOPR1108.JPG,ALLFISHDATA,Predator camera/DCIM/103GOPRO/GOPR1108.JPG,0,model,not_fish,0,0,2457,1765,0.586
ALLFISHDATA/Predator camera/DCIM/103GOPRO/GOPR1108.JPG,ALLFISHDATA,Predator camera/DCIM/103GOPRO/GOPR1108.JPG,1,model,not_fish,0,96,2289,2346,0.46
ALLFISHDATA/Predator camera/DCIM/103GOPRO/GOPR1108.JPG,ALLFISHDATA,Predator camera/DCIM/103GOPRO/GOPR1108.JPG,2,model,not_fish,37,450,2372,2683,0.195
ALLFISHDATA/Predator camera/DCIM/103GOPRO/GOPR1424.JPG,ALLFISHDATA,Predator camera/DCIM/103GOPRO/GOPR1424.JPG,0,model,not_fish,3256,1275,3329,1370,0.178
ALLFISHDATA/Predator camera/DCIM/103GOPRO/GOPR1454.JPG,ALLFISHDATA,Predator camera/DCIM/103GOPRO/GOPR1454.JPG,0,model,not_fish,2074,1742,3299,2998,0.875
ALLFISHDATA/Predator camera/DCIM/103GOPRO/GOPR1454.JPG,ALLFISHDATA,Predator camera/DCIM/103GOPRO/GOPR1454.JPG,1,model,not_fish,3246,369,4000,1754,0.217
ALLFISHDATA/Predator camera/DCIM/103GOPRO/GOPR1503.JPG,ALLFISHDATA,Predator camera/DCIM/103GOPRO/GOPR1503.JPG,0,model,not_fish,1523,1887,1596,1969,0.101
ALLFISHDATA/Predator camera/DCIM/103GOPRO/GOPR1517.JPG,ALLFISHDATA,Predator camera/DCIM/103GOPRO/GOPR1517.JPG,0,model,not_fish,3555,2643,3999,2979,0.214
ALLFISHDATA/Predator camera/DCIM/103GOPRO/GOPR1517.JPG,ALLFISHDATA,Predator camera/DCIM/103GOPRO/GOPR1517.JPG,1,model,not_fish,555,2950,1000,3000,0.133
ALLFISHDATA/Predator camera/DCIM/103GOPRO/GOPR1517.JPG,ALLFISHDATA,Predator camera/DCIM/103GOPRO/GOPR1517.JPG,2,model,not_fish,377,0,447,55,0.126
ALLFISHDATA/Predator camera/DCIM/103GOPRO/GOPR1518.JPG,ALLFISHDATA,Predator camera/DCIM/103GOPRO/GOPR1518.JPG,0,model,not_fish,886,1289,1400,1806,0.458
ALLFISHDATA/Predator camera/DCIM/103GOPRO/GOPR1518.JPG,ALLFISHDATA,Predator camera/DCIM/103GOPRO/GOPR1518.JPG,1,model,not_fish,2048,2839,2474,2995,0.337
ALLFISHDATA/Predator camera/DCIM/103GOPRO/GOPR1518.JPG,ALLFISHDATA,Predator camera/DCIM/103GOPRO/GOPR1518.JPG,2,model,fish,1374,1915,1569,2141,0.323
ALLFISHDATA/Predator camera/DCIM/103GOPRO/GOPR1518.JPG,ALLFISHDATA,Predator camera/DCIM/103GOPRO/GOPR1518.JPG,3,model,not_fish,1369,1887,1622,2145,0.197
ALLFISHDATA/Predator camera/DCIM/103GOPRO/GOPR1518.JPG,ALLFISHDATA,Predator camera/DCIM/103GOPRO/GOPR1518.JPG,4,model,not_fish,3066,662,3483,1062,0.155
ALLFISHDATA/Predator camera/DCIM/103GOPRO/GOPR1646.JPG,ALLFISHDATA,Predator camera/DCIM/103GOPRO/GOPR1646.JPG,0,model,not_fish,1992,2799,2395,3000,0.57
ALLFISHDATA/Predator camera/DCIM/103GOPRO/GOPR1658.JPG,ALLFISHDATA,Predator camera/DCIM/103GOPRO/GOPR1658.JPG,0,model,not_fish,3545,2651,4000,2978,0.634
ALLFISHDATA/Predator camera/DCIM/103GOPRO/GOPR1658.JPG,ALLFISHDATA,Predator camera/DCIM/103GOPRO/GOPR1658.JPG,1,model,not_fish,313,2291,838,2569,0.381
ALLFISHDATA/Predator camera/DCIM/103GOPRO/GOPR1658.JPG,ALLFISHDATA,Predator camera/DCIM/103GOPRO/GOPR1658.JPG,2,model,not_fish,1176,2891,1749,3000,0.267
ALLFISHDATA/Predator camera/DCIM/103GOPRO/GOPR1658.JPG,ALLFISHDATA,Predator camera/DCIM/103GOPRO/GOPR1658.JPG,3,model,not_fish,2217,2732,2510,3000,0.241
ALLFISHDATA/Predator camera/DCIM/103GOPRO/GOPR1658.JPG,ALLFISHDATA,Predator camera/DCIM/103GOPRO/GOPR1658.JPG,4,model,not_fish,1994,2811,2365,3000,0.217
ALLFISHDATA/Predator camera/DCIM/103GOPRO/GOPR1658.JPG,ALLFISHDATA,Predator camera/DCIM/103GOPRO/GOPR1658.JPG,5,model,not_fish,1619,2534,1899,2775,0.129
ALLFISHDATA/Predator camera/DCIM/103GOPRO/GOPR1808.JPG,ALLFISHDATA,Predator camera/DCIM/103GOPRO/GOPR1808.JPG,0,model,not_fish,1994,2820,2372,3000,0.485
ALLFISHDATA/Predator camera/DCIM/103GOPRO/GOPR1808.JPG,ALLFISHDATA,Predator camera/DCIM/103GOPRO/GOPR1808.JPG,1,model,not_fish,775,1928,1113,2095,0.154
ALLFISHDATA/Predator camera/DCIM/103GOPRO/GOPR1876.JPG,ALLFISHDATA,Predator camera/DCIM/103GOPRO/GOPR1876.JPG,0,model,not_fish,1030,1724,1112,1809,0.155
ALLFISHDATA/Predator camera/DCIM/103GOPRO/GOPR1908.JPG,ALLFISHDATA,Predator camera/DCIM/103GOPRO/GOPR1908.JPG,0,model,not_fish,1115,0,1429,143,0.334
ALLFISHDATA/Predator camera/DCIM/103GOPRO/GOPR1916.JPG,ALLFISHDATA,Predator camera/DCIM/103GOPRO/GOPR1916.JPG,0,model,not_fish,506,47,635,135,0.363
ALLFISHDATA/Predator camera/DCIM/104GOPRO/GOPR2414.JPG,ALLFISHDATA,Predator camera/DCIM/104GOPRO/GOPR2414.JPG,0,model,not_fish,3161,2842,3356,2991,0.119
ALLFISHDATA/Predator camera/DCIM/104GOPRO/GOPR2418.JPG,ALLFISHDATA,Predator camera/DCIM/104GOPRO/GOPR2418.JPG,0,model,not_fish,1445,2396,1486,2467,0.336
ALLFISHDATA/Predator camera/DCIM/104GOPRO/GOPR2460.JPG,ALLFISHDATA,Predator camera/DCIM/104GOPRO/GOPR2460.JPG,0,model,not_fish,363,1825,814,2283,0.569
ALLFISHDATA/Predator camera/DCIM/104GOPRO/GOPR2460.JPG,ALLFISHDATA,Predator camera/DCIM/104GOPRO/GOPR2460.JPG,1,model,not_fish,783,2363,1655,3000,0.551
ALLFISHDATA/Predator camera/DCIM/104GOPRO/GOPR2568.JPG,ALLFISHDATA,Predator camera/DCIM/104GOPRO/GOPR2568.JPG,0,model,not_fish,990,2535,1403,2859,0.345
ALLFISHDATA/Predator camera/DCIM/104GOPRO/GOPR2573.JPG,ALLFISHDATA,Predator camera/DCIM/104GOPRO/GOPR2573.JPG,0,model,not_fish,1057,2367,1388,2839,0.687
ALLFISHDATA/Predator camera/DCIM/104GOPRO/GOPR2596.JPG,ALLFISHDATA,Predator camera/DCIM/104GOPRO/GOPR2596.JPG,0,model,not_fish,2833,2412,3146,2575,0.25
ALLFISHDATA/Predator camera/DCIM/104GOPRO/GOPR2661.JPG,ALLFISHDATA,Predator camera/DCIM/104GOPRO/GOPR2661.JPG,0,model,not_fish,2829,2414,3160,2610,0.215
ALLFISHDATA/Predator camera/DCIM/104GOPRO/GOPR2661.JPG,ALLFISHDATA,Predator camera/DCIM/104GOPRO/GOPR2661.JPG,1,model,not_fish,1403,2595,1551,2775,0.196
ALLFISHDATA/Predator camera/DCIM/104GOPRO/GOPR2672.JPG,ALLFISHDATA,Predator camera/DCIM/104GOPRO/GOPR2672.JPG,0,model,not_fish,3592,1123,3939,1209,0.122
ALLFISHDATA/Predator camera/DCIM/104GOPRO/GOPR2673.JPG,ALLFISHDATA,Predator camera/DCIM/104GOPRO/GOPR2673.JPG,0,model,fish,1660,2167,1978,2708,0.454
ALLFISHDATA/Predator camera/DCIM/104GOPRO/GOPR2673.JPG,ALLFISHDATA,Predator camera/DCIM/104GOPRO/GOPR2673.JPG,1,model,fish,676,2038,1037,2371,0.415
ALLFISHDATA/Predator camera/DCIM/104GOPRO/GOPR2673.JPG,ALLFISHDATA,Predator camera/DCIM/104GOPRO/GOPR2673.JPG,2,model,not_fish,2680,2813,3075,3000,0.138
ALLFISHDATA/Predator camera/DCIM/104GOPRO/GOPR2691.JPG,ALLFISHDATA,Predator camera/DCIM/104GOPRO/GOPR2691.JPG,0,model,fish,3203,1322,3779,1544,0.88
ALLFISHDATA/Predator camera/DCIM/104GOPRO/GOPR2757.JPG,ALLFISHDATA,Predator camera/DCIM/104GOPRO/GOPR2757.JPG,0,model,not_fish,2236,268,2458,616,0.582
ALLFISHDATA/Predator camera/DCIM/104GOPRO/GOPR2871.JPG,ALLFISHDATA,Predator camera/DCIM/104GOPRO/GOPR2871.JPG,0,model,not_fish,3311,2823,3919,3000,0.111
ALLFISHDATA/Predator camera/DCIM/105GOPRO/GOPR3223.JPG,ALLFISHDATA,Predator camera/DCIM/105GOPRO/GOPR3223.JPG,0,model,not_fish,2499,625,2725,813,0.19
ALLFISHDATA/Predator camera/DCIM/105GOPRO/GOPR3287.JPG,ALLFISHDATA,Predator camera/DCIM/105GOPRO/GOPR3287.JPG,0,model,not_fish,1784,2746,2015,2901,0.224
ALLFISHDATA/Predator camera/DCIM/105GOPRO/GOPR3351.JPG,ALLFISHDATA,Predator camera/DCIM/105GOPRO/GOPR3351.JPG,0,model,not_fish,314,571,411,668,0.281
ALLFISHDATA/Predator camera/DCIM/105GOPRO/GOPR3366.JPG,ALLFISHDATA,Predator camera/DCIM/105GOPRO/GOPR3366.JPG,0,model,not_fish,2763,2118,3632,2449,0.187
ALLFISHDATA/Predator camera/DCIM/105GOPRO/GOPR3367.JPG,ALLFISHDATA,Predator camera/DCIM/105GOPRO/GOPR3367.JPG,0,model,not_fish,2778,2123,3625,2450,0.304
ALLFISHDATA/Predator camera/DCIM/105GOPRO/GOPR3857.JPG,ALLFISHDATA,Predator camera/DCIM/105GOPRO/GOPR3857.JPG,0,model,not_fish,1499,1863,1567,1956,0.234
ALLFISHDATA/Predator camera/DCIM/105GOPRO/GOPR3859.JPG,ALLFISHDATA,Predator camera/DCIM/105GOPRO/GOPR3859.JPG,0,model,not_fish,1497,1860,1569,1957,0.612
ALLFISHDATA/Predator camera/DCIM/105GOPRO/GOPR3860.JPG,ALLFISHDATA,Predator camera/DCIM/105GOPRO/GOPR3860.JPG,0,model,not_fish,1497,1859,1566,1957,0.644
ALLFISHDATA/Predator camera/DCIM/105GOPRO/GOPR3891.JPG,ALLFISHDATA,Predator camera/DCIM/105GOPRO/GOPR3891.JPG,0,model,not_fish,1498,1862,1567,1956,0.567
ALLFISHDATA/Predator camera/DCIM/105GOPRO/GOPR3891.JPG,ALLFISHDATA,Predator camera/DCIM/105GOPRO/GOPR3891.JPG,1,model,not_fish,168,414,282,493,0.511
ALLFISHDATA/Predator camera/DCIM/105GOPRO/GOPR3900.JPG,ALLFISHDATA,Predator camera/DCIM/105GOPRO/GOPR3900.JPG,0,model,not_fish,1495,1860,1567,1958,0.341
ALLFISHDATA/Predator camera/DCIM/105GOPRO/GOPR3900.JPG,ALLFISHDATA,Predator camera/DCIM/105GOPRO/GOPR3900.JPG,1,model,not_fish,2409,2686,2668,2770,0.171
ALLFISHDATA/Predator camera/DCIM/105GOPRO/GOPR3900.JPG,ALLFISHDATA,Predator camera/DCIM/105GOPRO/GOPR3900.JPG,2,model,not_fish,3008,0,3216,101,0.118
ALLFISHDATA/Predator camera/DCIM/105GOPRO/GOPR3900.JPG,ALLFISHDATA,Predator camera/DCIM/105GOPRO/GOPR3900.JPG,3,model,not_fish,2134,2273,2357,2416,0.101
ALLFISHDATA/Predator camera/DCIM/105GOPRO/GOPR3907.JPG,ALLFISHDATA,Predator camera/DCIM/105GOPRO/GOPR3907.JPG,0,model,not_fish,1492,1857,1568,1960,0.643
ALLFISHDATA/Predator camera/DCIM/105GOPRO/GOPR3907.JPG,ALLFISHDATA,Predator camera/DCIM/105GOPRO/GOPR3907.JPG,1,model,not_fish,3142,1777,3336,1885,0.198
ALLFISHDATA/Predator camera/DCIM/105GOPRO/GOPR3907.JPG,ALLFISHDATA,Predator camera/DCIM/105GOPRO/GOPR3907.JPG,2,model,not_fish,2404,2685,2662,2770,0.192
ALLFISHDATA/Predator camera/DCIM/105GOPRO/GOPR3966.JPG,ALLFISHDATA,Predator camera/DCIM/105GOPRO/GOPR3966.JPG,0,model,not_fish,1491,1854,1573,1964,0.37
ALLFISHDATA/Predator camera/DCIM/105GOPRO/GOPR3966.JPG,ALLFISHDATA,Predator camera/DCIM/105GOPRO/GOPR3966.JPG,1,model,not_fish,2292,2060,2621,2202,0.107
ALLFISHDATA/Predator camera/DCIM/105GOPRO/GOPR3992.JPG,ALLFISHDATA,Predator camera/DCIM/105GOPRO/GOPR3992.JPG,0,model,not_fish,574,2203,848,2334,0.768
ALLFISHDATA/Predator camera/DCIM/105GOPRO/GOPR3992.JPG,ALLFISHDATA,Predator camera/DCIM/105GOPRO/GOPR3992.JPG,1,model,not_fish,1494,1857,1570,1961,0.354
ALLFISHDATA/Predator camera/DCIM/105GOPRO/GOPR3992.JPG,ALLFISHDATA,Predator camera/DCIM/105GOPRO/GOPR3992.JPG,2,model,not_fish,3144,1780,3341,1884,0.102
ALLFISHDATA/Predator camera/DCIM/106GOPRO/GOPR4133.JPG,ALLFISHDATA,Predator camera/DCIM/106GOPRO/GOPR4133.JPG,0,model,not_fish,1493,1856,1569,1962,0.407
ALLFISHDATA/Predator camera/DCIM/106GOPRO/GOPR4133.JPG,ALLFISHDATA,Predator camera/DCIM/106GOPRO/GOPR4133.JPG,1,model,not_fish,3143,1777,3325,1870,0.376
ALLFISHDATA/Predator camera/DCIM/106GOPRO/GOPR4133.JPG,ALLFISHDATA,Predator camera/DCIM/106GOPRO/GOPR4133.JPG,2,model,not_fish,552,2202,825,2340,0.195
ALLFISHDATA/Predator camera/DCIM/106GOPRO/GOPR4133.JPG,ALLFISHDATA,Predator camera/DCIM/106GOPRO/GOPR4133.JPG,3,model,not_fish,3428,2110,3620,2466,0.147
ALLFISHDATA/Predator camera/DCIM/106GOPRO/GOPR4170.JPG,ALLFISHDATA,Predator camera/DCIM/106GOPRO/GOPR4170.JPG,0,model,not_fish,1971,2667,2126,2748,0.133
ALLFISHDATA/Predator camera/DCIM/106GOPRO/GOPR4177.JPG,ALLFISHDATA,Predator camera/DCIM/106GOPRO/GOPR4177.JPG,0,model,not_fish,1492,1854,1570,1960,0.488
ALLFISHDATA/Predator camera/DCIM/106GOPRO/GOPR4177.JPG,ALLFISHDATA,Predator camera/DCIM/106GOPRO/GOPR4177.JPG,1,model,not_fish,555,2204,826,2340,0.204
ALLFISHDATA/Predator camera/DCIM/106GOPRO/GOPR4204.JPG,ALLFISHDATA,Predator camera/DCIM/106GOPRO/GOPR4204.JPG,0,model,not_fish,3004,0,3225,108,0.131
ALLFISHDATA/Predator camera/DCIM/106GOPRO/GOPR4206.JPG,ALLFISHDATA,Predator camera/DCIM/106GOPRO/GOPR4206.JPG,0,model,not_fish,561,2205,816,2337,0.114
ALLFISHDATA/Predator camera/DCIM/106GOPRO/GOPR4215.JPG,ALLFISHDATA,Predator camera/DCIM/106GOPRO/GOPR4215.JPG,0,model,not_fish,564,2206,822,2337,0.613
ALLFISHDATA/Predator camera/DCIM/106GOPRO/GOPR4346.JPG,ALLFISHDATA,Predator camera/DCIM/106GOPRO/GOPR4346.JPG,0,model,not_fish,1508,1865,1555,1952,0.197
ALLFISHDATA/Predator camera/DCIM/106GOPRO/GOPR4346.JPG,ALLFISHDATA,Predator camera/DCIM/106GOPRO/GOPR4346.JPG,1,model,not_fish,522,2229,810,2348,0.17
ALLFISHDATA/Predator camera/DCIM/106GOPRO/GOPR4370.JPG,ALLFISHDATA,Predator camera/DCIM/106GOPRO/GOPR4370.JPG,0,model,not_fish,2552,468,2791,647,0.608
ALLFISHDATA/Predator camera/DCIM/106GOPRO/GOPR4370.JPG,ALLFISHDATA,Predator camera/DCIM/106GOPRO/GOPR4370.JPG,1,model,not_fish,1783,2719,2098,2901,0.247
ALLFISHDATA/Predator camera/DCIM/106GOPRO/GOPR4370.JPG,ALLFISHDATA,Predator camera/DCIM/106GOPRO/GOPR4370.JPG,2,model,not_fish,505,2229,811,2357,0.205
ALLFISHDATA/Predator camera/DCIM/106GOPRO/GOPR4370.JPG,ALLFISHDATA,Predator camera/DCIM/106GOPRO/GOPR4370.JPG,3,model,not_fish,1498,1862,1562,1959,0.201
ALLFISHDATA/Predator camera/DCIM/106GOPRO/GOPR4377.JPG,ALLFISHDATA,Predator camera/DCIM/106GOPRO/GOPR4377.JPG,0,model,not_fish,3414,2111,3624,2467,0.329
ALLFISHDATA/Predator camera/DCIM/106GOPRO/GOPR4377.JPG,ALLFISHDATA,Predator camera/DCIM/106GOPRO/GOPR4377.JPG,1,model,not_fish,1496,1857,1565,1957,0.317
ALLFISHDATA/Predator camera/DCIM/106GOPRO/GOPR4377.JPG,ALLFISHDATA,Predator camera/DCIM/106GOPRO/GOPR4377.JPG,2,model,not_fish,1527,2584,1627,2699,0.145
ALLFISHDATA/Predator camera/DCIM/106GOPRO/GOPR4410.JPG,ALLFISHDATA,Predator camera/DCIM/106GOPRO/GOPR4410.JPG,0,model,fish,1200,1849,1514,2076,0.84
ALLFISHDATA/Predator camera/DCIM/106GOPRO/GOPR4450.JPG,ALLFISHDATA,Predator camera/DCIM/106GOPRO/GOPR4450.JPG,0,model,not_fish,3611,2467,3997,2678,0.406
ALLFISHDATA/Predator camera/DCIM/106GOPRO/GOPR4450.JPG,ALLFISHDATA,Predator camera/DCIM/106GOPRO/GOPR4450.JPG,1,model,not_fish,1494,1860,1564,1959,0.364
ALLFISHDATA/Predator camera/DCIM/106GOPRO/GOPR4461.JPG,ALLFISHDATA,Predator camera/DCIM/106GOPRO/GOPR4461.JPG,0,model,not_fish,989,1915,3457,2998,0.84
ALLFISHDATA/Predator camera/DCIM/106GOPRO/GOPR4461.JPG,ALLFISHDATA,Predator camera/DCIM/106GOPRO/GOPR4461.JPG,1,model,not_fish,1094,1094,3438,3000,0.391
ALLFISHDATA/Predator camera/DCIM/106GOPRO/GOPR4461.JPG,ALLFISHDATA,Predator camera/DCIM/106GOPRO/GOPR4461.JPG,2,model,not_fish,1270,1087,2807,3000,0.236
ALLFISHDATA/Predator camera/DCIM/106GOPRO/GOPR4461.JPG,ALLFISHDATA,Predator camera/DCIM/106GOPRO/GOPR4461.JPG,3,model,not_fish,1735,1092,2386,2250,0.167
ALLFISHDATA/Predator camera/DCIM/106GOPRO/GOPR4512.JPG,ALLFISHDATA,Predator camera/DCIM/106GOPRO/GOPR4512.JPG,0,model,not_fish,1684,600,3404,2876,0.233
ALLFISHDATA/Predator camera/DCIM/106GOPRO/GOPR4512.JPG,ALLFISHDATA,Predator camera/DCIM/106GOPRO/GOPR4512.JPG,1,model,not_fish,2051,781,3734,2765,0.131
ALLFISHDATA/Primary camera/DCIM/100GOPRO/GOPR0170.JPG,ALLFISHDATA,Primary camera/DCIM/100GOPRO/GOPR0170.JPG,0,model,not_fish,2,0,1843,1235,0.753
ALLFISHDATA/Primary camera/DCIM/100GOPRO/GOPR0170.JPG,ALLFISHDATA,Primary camera/DCIM/100GOPRO/GOPR0170.JPG,1,model,not_fish,0,52,1716,1700,0.524
ALLFISHDATA/Primary camera/DCIM/100GOPRO/GOPR0170.JPG,ALLFISHDATA,Primary camera/DCIM/100GOPRO/GOPR0170.JPG,2,model,not_fish,556,0,2405,1379,0.145
ALLFISHDATA/Primary camera/DCIM/100GOPRO/GOPR0176.JPG,ALLFISHDATA,Primary camera/DCIM/100GOPRO/GOPR0176.JPG,0,model,not_fish,175,0,2027,834,0.693
ALLFISHDATA/Primary camera/DCIM/100GOPRO/GOPR0176.JPG,ALLFISHDATA,Primary camera/DCIM/100GOPRO/GOPR0176.JPG,1,model,not_fish,1414,0,2666,822,0.208
ALLFISHDATA/Primary camera/DCIM/100GOPRO/GOPR0230.JPG,ALLFISHDATA,Primary camera/DCIM/100GOPRO/GOPR0230.JPG,0,model,not_fish,1849,1397,2196,1516,0.25
ALLFISHDATA/Primary camera/DCIM/100GOPRO/GOPR0799.JPG,ALLFISHDATA,Primary camera/DCIM/100GOPRO/GOPR0799.JPG,0,model,not_fish,1112,0,2968,745,0.791
ALLFISHDATA/Primary camera/DCIM/100GOPRO/GOPR0799.JPG,ALLFISHDATA,Primary camera/DCIM/100GOPRO/GOPR0799.JPG,1,model,not_fish,951,0,2717,872,0.319
ALLFISHDATA/Primary camera/DCIM/100GOPRO/GOPR0832.JPG,ALLFISHDATA,Primary camera/DCIM/100GOPRO/GOPR0832.JPG,0,model,not_fish,1888,2768,2009,2833,0.275
ALLFISHDATA/Primary camera/DCIM/100GOPRO/GOPR0832.JPG,ALLFISHDATA,Primary camera/DCIM/100GOPRO/GOPR0832.JPG,1,model,not_fish,289,2288,402,2409,0.118
ALLFISHDATA/Primary camera/DCIM/100GOPRO/GOPR0839.JPG,ALLFISHDATA,Primary camera/DCIM/100GOPRO/GOPR0839.JPG,0,model,not_fish,142,2265,297,2432,0.214
ALLFISHDATA/Primary camera/DCIM/100GOPRO/GOPR0861.JPG,ALLFISHDATA,Primary camera/DCIM/100GOPRO/GOPR0861.JPG,0,model,fish,3313,1860,3592,2023,0.118
ALLFISHDATA/Primary camera/DCIM/100GOPRO/GOPR0914.JPG,ALLFISHDATA,Primary camera/DCIM/100GOPRO/GOPR0914.JPG,0,model,not_fish,3239,2353,4000,3000,0.127
ALLFISHDATA/Primary camera/DCIM/100GOPRO/GOPR0914.JPG,ALLFISHDATA,Primary camera/DCIM/100GOPRO/GOPR0914.JPG,1,model,not_fish,2,773,1082,2852,0.107
ALLFISHDATA/Primary camera/DCIM/100GOPRO/GOPR1006.JPG,ALLFISHDATA,Primary camera/DCIM/100GOPRO/GOPR1006.JPG,0,model,not_fish,1644,1824,1969,1984,0.58
ALLFISHDATA/Primary camera/DCIM/100GOPRO/GOPR1028.JPG,ALLFISHDATA,Primary camera/DCIM/100GOPRO/GOPR1028.JPG,0,model,not_fish,1569,0,2445,60,0.127
ALLFISHDATA/Primary camera/DCIM/100GOPRO/GOPR1135.JPG,ALLFISHDATA,Primary camera/DCIM/100GOPRO/GOPR1135.JPG,0,model,not_fish,1147,0,3514,221,0.269
ALLFISHDATA/Primary camera/DCIM/100GOPRO/GOPR1135.JPG,ALLFISHDATA,Primary camera/DCIM/100GOPRO/GOPR1135.JPG,1,model,not_fish,4,2462,2457,3000,0.215
ALLFISHDATA/Primary camera/DCIM/100GOPRO/GOPR1143.JPG,ALLFISHDATA,Primary camera/DCIM/100GOPRO/GOPR1143.JPG,0,model,not_fish,3,2409,2456,3000,0.157
ALLFISHDATA/Primary camera/DCIM/100GOPRO/GOPR1153.JPG,ALLFISHDATA,Primary camera/DCIM/100GOPRO/GOPR1153.JPG,0,model,not_fish,1163,0,3574,218,0.409
ALLFISHDATA/Primary camera/DCIM/100GOPRO/GOPR1153.JPG,ALLFISHDATA,Primary camera/DCIM/100GOPRO/GOPR1153.JPG,1,model,not_fish,1,0,1425,1618,0.159
ALLFISHDATA/Primary camera/DCIM/100GOPRO/GOPR1153.JPG,ALLFISHDATA,Primary camera/DCIM/100GOPRO/GOPR1153.JPG,2,model,not_fish,2982,1955,4000,2404,0.128
ALLFISHDATA/Primary camera/DCIM/100GOPRO/GOPR1153.JPG,ALLFISHDATA,Primary camera/DCIM/100GOPRO/GOPR1153.JPG,3,model,not_fish,282,0,2618,222,0.108
ALLFISHDATA/Primary camera/DCIM/100GOPRO/GOPR1162.JPG,ALLFISHDATA,Primary camera/DCIM/100GOPRO/GOPR1162.JPG,0,model,not_fish,1107,0,3504,220,0.459
ALLFISHDATA/Primary camera/DCIM/100GOPRO/GOPR1162.JPG,ALLFISHDATA,Primary camera/DCIM/100GOPRO/GOPR1162.JPG,1,model,not_fish,1,0,1425,1706,0.247
ALLFISHDATA/Primary camera/DCIM/100GOPRO/GOPR1162.JPG,ALLFISHDATA,Primary camera/DCIM/100GOPRO/GOPR1162.JPG,2,model,not_fish,322,0,2596,202,0.107
ALLFISHDATA/Primary camera/DCIM/101GOPRO/GOPR1234.JPG,ALLFISHDATA,Primary camera/DCIM/101GOPRO/GOPR1234.JPG,0,model,not_fish,2,0,2289,1956,0.549
ALLFISHDATA/Primary camera/DCIM/101GOPRO/GOPR1234.JPG,ALLFISHDATA,Primary camera/DCIM/101GOPRO/GOPR1234.JPG,1,model,not_fish,1159,0,3598,165,0.234
ALLFISHDATA/Primary camera/DCIM/101GOPRO/GOPR1280.JPG,ALLFISHDATA,Primary camera/DCIM/101GOPRO/GOPR1280.JPG,0,model,not_fish,5,2289,2444,2996,0.209
ALLFISHDATA/Primary camera/DCIM/101GOPRO/GOPR1287.JPG,ALLFISHDATA,Primary camera/DCIM/101GOPRO/GOPR1287.JPG,0,model,not_fish,3,2314,2444,3000,0.26
ALLFISHDATA/Primary camera/DCIM/101GOPRO/GOPR1339.JPG,ALLFISHDATA,Primary camera/DCIM/101GOPRO/GOPR1339.JPG,0,model,not_fish,0,2297,2455,3000,0.699
ALLFISHDATA/Primary camera/DCIM/101GOPRO/GOPR1605.JPG,ALLFISHDATA,Primary camera/DCIM/101GOPRO/GOPR1605.JPG,0,model,not_fish,1412,2135,1576,2261,0.487
ALLFISHDATA/Primary camera/DCIM/101GOPRO/GOPR1605.JPG,ALLFISHDATA,Primary camera/DCIM/101GOPRO/GOPR1605.JPG,1,model,not_fish,907,2054,1033,2174,0.207
ALLFISHDATA/Primary camera/DCIM/101GOPRO/GOPR1605.JPG,ALLFISHDATA,Primary camera/DCIM/101GOPRO/GOPR1605.JPG,2,model,not_fish,3453,1982,4000,2384,0.168
ALLFISHDATA/Primary camera/DCIM/101GOPRO/GOPR1783.JPG,ALLFISHDATA,Primary camera/DCIM/101GOPRO/GOPR1783.JPG,0,model,fish,5,1699,2458,3000,0.921
ALLFISHDATA/Primary camera/DCIM/101GOPRO/GOPR1783.JPG,ALLFISHDATA,Primary camera/DCIM/101GOPRO/GOPR1783.JPG,1,model,fish,962,964,3457,2203,0.112
ALLFISHDATA/Primary camera/DCIM/101GOPRO/GOPR1801.JPG,ALLFISHDATA,Primary camera/DCIM/101GOPRO/GOPR1801.JPG,0,model,not_fish,3357,2097,3997,2519,0.19
ALLFISHDATA/Primary camera/DCIM/101GOPRO/GOPR1801.JPG,ALLFISHDATA,Primary camera/DCIM/101GOPRO/GOPR1801.JPG,1,missed,fish,3,1426,2672,2989,
ALLFISHDATA/Primary camera/DCIM/101GOPRO/GOPR1802.JPG,ALLFISHDATA,Primary camera/DCIM/101GOPRO/GOPR1802.JPG,0,model,not_fish,1162,1987,1424,2137,0.374
ALLFISHDATA/Primary camera/DCIM/101GOPRO/GOPR1803.JPG,ALLFISHDATA,Primary camera/DCIM/101GOPRO/GOPR1803.JPG,0,model,not_fish,1163,1989,1423,2135,0.185
ALLFISHDATA/Primary camera/DCIM/101GOPRO/GOPR1806.JPG,ALLFISHDATA,Primary camera/DCIM/101GOPRO/GOPR1806.JPG,0,model,not_fish,1167,1989,1426,2136,0.528
ALLFISHDATA/Primary camera/DCIM/101GOPRO/GOPR2035.JPG,ALLFISHDATA,Primary camera/DCIM/101GOPRO/GOPR2035.JPG,0,model,not_fish,939,330,3289,2281,0.167
ALLFISHDATA/Primary camera/DCIM/101GOPRO/GOPR2043.JPG,ALLFISHDATA,Primary camera/DCIM/101GOPRO/GOPR2043.JPG,0,model,not_fish,921,419,3290,2265,0.422
ALLFISHDATA/Primary camera/DCIM/101GOPRO/GOPR2052.JPG,ALLFISHDATA,Primary camera/DCIM/101GOPRO/GOPR2052.JPG,0,model,not_fish,1180,439,3623,1418,0.484
ALLFISHDATA/Primary camera/DCIM/101GOPRO/GOPR2052.JPG,ALLFISHDATA,Primary camera/DCIM/101GOPRO/GOPR2052.JPG,1,model,not_fish,1212,51,3707,1434,0.321
ALLFISHDATA/Primary camera/DCIM/101GOPRO/GOPR2052.JPG,ALLFISHDATA,Primary camera/DCIM/101GOPRO/GOPR2052.JPG,2,model,not_fish,1217,760,3701,1444,0.259
ALLFISHDATA/Primary camera/DCIM/102GOPRO/GOPR2332.JPG,ALLFISHDATA,Primary camera/DCIM/102GOPRO/GOPR2332.JPG,0,model,not_fish,2,1993,2457,3000,0.777
ALLFISHDATA/Primary camera/DCIM/102GOPRO/GOPR2332.JPG,ALLFISHDATA,Primary camera/DCIM/102GOPRO/GOPR2332.JPG,1,model,not_fish,1158,0,3624,1759,0.424
ALLFISHDATA/Primary camera/DCIM/102GOPRO/GOPR2332.JPG,ALLFISHDATA,Primary camera/DCIM/102GOPRO/GOPR2332.JPG,2,model,not_fish,0,4,1221,1695,0.33
ALLFISHDATA/Primary camera/DCIM/102GOPRO/GOPR2332.JPG,ALLFISHDATA,Primary camera/DCIM/102GOPRO/GOPR2332.JPG,3,model,not_fish,1828,12,4000,2045,0.308
ALLFISHDATA/Primary camera/DCIM/102GOPRO/GOPR2332.JPG,ALLFISHDATA,Primary camera/DCIM/102GOPRO/GOPR2332.JPG,4,model,not_fish,20,331,2449,2570,0.119
ALLFISHDATA/Primary camera/DCIM/102GOPRO/GOPR2332.JPG,ALLFISHDATA,Primary camera/DCIM/102GOPRO/GOPR2332.JPG,5,model,not_fish,55,0,2537,1982,0.106
ALLFISHDATA/Primary camera/DCIM/102GOPRO/GOPR2332.JPG,ALLFISHDATA,Primary camera/DCIM/102GOPRO/GOPR2332.JPG,6,model,not_fish,1,0,1157,690,0.1
ALLFISHDATA/Primary camera/DCIM/102GOPRO/GOPR2344.JPG,ALLFISHDATA,Primary camera/DCIM/102GOPRO/GOPR2344.JPG,0,model,not_fish,0,1872,2457,3000,0.467
ALLFISHDATA/Primary camera/DCIM/102GOPRO/GOPR2344.JPG,ALLFISHDATA,Primary camera/DCIM/102GOPRO/GOPR2344.JPG,1,model,not_fish,1158,0,3624,1735,0.345
ALLFISHDATA/Primary camera/DCIM/102GOPRO/GOPR2344.JPG,ALLFISHDATA,Primary camera/DCIM/102GOPRO/GOPR2344.JPG,2,model,not_fish,1577,18,3955,1991,0.229
ALLFISHDATA/Primary camera/DCIM/102GOPRO/GOPR2344.JPG,ALLFISHDATA,Primary camera/DCIM/102GOPRO/GOPR2344.JPG,3,model,not_fish,0,0,1150,659,0.111
ALLFISHDATA/Primary camera/DCIM/102GOPRO/GOPR2350.JPG,ALLFISHDATA,Primary camera/DCIM/102GOPRO/GOPR2350.JPG,0,model,not_fish,2,1875,2458,3000,0.939
ALLFISHDATA/Primary camera/DCIM/102GOPRO/GOPR2350.JPG,ALLFISHDATA,Primary camera/DCIM/102GOPRO/GOPR2350.JPG,1,model,not_fish,2534,984,3981,1887,0.586
ALLFISHDATA/Primary camera/DCIM/102GOPRO/GOPR2820.JPG,ALLFISHDATA,Primary camera/DCIM/102GOPRO/GOPR2820.JPG,0,model,not_fish,488,1893,2945,2998,0.695
ALLFISHDATA/Primary camera/DCIM/102GOPRO/GOPR2837.JPG,ALLFISHDATA,Primary camera/DCIM/102GOPRO/GOPR2837.JPG,0,model,not_fish,2077,0,2540,119,0.186
ALLFISHDATA/Primary camera/DCIM/102GOPRO/GOPR2837.JPG,ALLFISHDATA,Primary camera/DCIM/102GOPRO/GOPR2837.JPG,1,model,not_fish,1297,1230,3733,2372,0.115
ALLFISHDATA/Primary camera/DCIM/102GOPRO/GOPR2838.JPG,ALLFISHDATA,Primary camera/DCIM/102GOPRO/GOPR2838.JPG,0,model,not_fish,475,9,2952,800,0.461
ALLFISHDATA/Primary camera/DCIM/102GOPRO/GOPR2839.JPG,ALLFISHDATA,Primary camera/DCIM/102GOPRO/GOPR2839.JPG,0,model,not_fish,1070,950,1496,1090,0.197
ALLFISHDATA/Primary camera/DCIM/102GOPRO/GOPR2839.JPG,ALLFISHDATA,Primary camera/DCIM/102GOPRO/GOPR2839.JPG,1,model,not_fish,1263,1327,3386,2179,0.137
ALLFISHDATA/Primary camera/DCIM/102GOPRO/GOPR2841.JPG,ALLFISHDATA,Primary camera/DCIM/102GOPRO/GOPR2841.JPG,0,model,not_fish,3,1705,2457,3000,0.834
ALLFISHDATA/Primary camera/DCIM/102GOPRO/GOPR2841.JPG,ALLFISHDATA,Primary camera/DCIM/102GOPRO/GOPR2841.JPG,1,model,not_fish,638,999,3038,2992,0.195
ALLFISHDATA/Primary camera/DCIM/102GOPRO/GOPR2841.JPG,ALLFISHDATA,Primary camera/DCIM/102GOPRO/GOPR2841.JPG,2,model,not_fish,3687,2055,3789,2090,0.184
ALLFISHDATA/Primary camera/DCIM/102GOPRO/GOPR2847.JPG,ALLFISHDATA,Primary camera/DCIM/102GOPRO/GOPR2847.JPG,0,model,not_fish,328,1,466,106,0.337
ALLFISHDATA/Primary camera/DCIM/102GOPRO/GOPR2847.JPG,ALLFISHDATA,Primary camera/DCIM/102GOPRO/GOPR2847.JPG,1,model,not_fish,141,510,255,614,0.308
ALLFISHDATA/Primary camera/DCIM/102GOPRO/GOPR2847.JPG,ALLFISHDATA,Primary camera/DCIM/102GOPRO/GOPR2847.JPG,2,model,not_fish,1231,1083,3415,3000,0.245
ALLFISHDATA/Primary camera/DCIM/102GOPRO/GOPR2880.JPG,ALLFISHDATA,Primary camera/DCIM/102GOPRO/GOPR2880.JPG,0,model,not_fish,1,1502,2457,3000,0.14
ALLFISHDATA/Primary camera/DCIM/102GOPRO/GOPR2971.JPG,ALLFISHDATA,Primary camera/DCIM/102GOPRO/GOPR2971.JPG,0,model,not_fish,55,1562,2540,2990,0.138
ALLFISHDATA/Primary camera/DCIM/102GOPRO/GOPR3118.JPG,ALLFISHDATA,Primary camera/DCIM/102GOPRO/GOPR3118.JPG,0,model,not_fish,898,1950,1002,2042,0.317
ALLFISHDATA/Primary camera/DCIM/102GOPRO/GOPR3165.JPG,ALLFISHDATA,Primary camera/DCIM/102GOPRO/GOPR3165.JPG,0,model,not_fish,1250,1861,1325,1923,0.118
ALLFISHDATA/Primary camera/DCIM/103GOPRO/GOPR3203.JPG,ALLFISHDATA,Primary camera/DCIM/103GOPRO/GOPR3203.JPG,0,model,not_fish,3038,2787,3183,2958,0.777
ALLFISHDATA/Primary camera/DCIM/103GOPRO/GOPR3331.JPG,ALLFISHDATA,Primary camera/DCIM/103GOPRO/GOPR3331.JPG,0,model,not_fish,2085,2062,2185,2147,0.448
ALLFISHDATA/Primary camera/DCIM/103GOPRO/GOPR3342.JPG,ALLFISHDATA,Primary camera/DCIM/103GOPRO/GOPR3342.JPG,0,model,not_fish,2265,2022,2364,2127,0.222
ALLFISHDATA/Primary camera/DCIM/103GOPRO/GOPR3342.JPG,ALLFISHDATA,Primary camera/DCIM/103GOPRO/GOPR3342.JPG,1,model,not_fish,2192,2089,2293,2178,0.157
ALLFISHDATA/Primary camera/DCIM/103GOPRO/GOPR3426.JPG,ALLFISHDATA,Primary camera/DCIM/103GOPRO/GOPR3426.JPG,0,model,not_fish,1701,2719,1830,2895,0.7
ALLFISHDATA/Primary camera/DCIM/103GOPRO/GOPR3426.JPG,ALLFISHDATA,Primary camera/DCIM/103GOPRO/GOPR3426.JPG,1,model,not_fish,3,1606,2457,3000,0.337
ALLFISHDATA/Primary camera/DCIM/103GOPRO/GOPR3426.JPG,ALLFISHDATA,Primary camera/DCIM/103GOPRO/GOPR3426.JPG,2,model,not_fish,3103,2291,3218,2410,0.162
ALLFISHDATA/Primary camera/DCIM/103GOPRO/GOPR3426.JPG,ALLFISHDATA,Primary camera/DCIM/103GOPRO/GOPR3426.JPG,3,model,not_fish,1384,1882,1481,1970,0.12
ALLFISHDATA/Primary camera/DCIM/103GOPRO/GOPR3611.JPG,ALLFISHDATA,Primary camera/DCIM/103GOPRO/GOPR3611.JPG,0,model,not_fish,20,221,763,666,0.221
ALLFISHDATA/Primary camera/DCIM/103GOPRO/GOPR3611.JPG,ALLFISHDATA,Primary camera/DCIM/103GOPRO/GOPR3611.JPG,1,model,not_fish,244,260,762,657,0.138
ALLFISHDATA/Primary camera/DCIM/103GOPRO/GOPR3691.JPG,ALLFISHDATA,Primary camera/DCIM/103GOPRO/GOPR3691.JPG,0,model,not_fish,3593,1487,4000,1691,0.163
ALLFISHDATA/Primary camera/DCIM/103GOPRO/GOPR3691.JPG,ALLFISHDATA,Primary camera/DCIM/103GOPRO/GOPR3691.JPG,1,model,not_fish,2961,590,3328,732,0.159
ALLFISHDATA/Primary camera/DCIM/103GOPRO/GOPR3691.JPG,ALLFISHDATA,Primary camera/DCIM/103GOPRO/GOPR3691.JPG,2,model,not_fish,1660,0,2007,54,0.104
ALLFISHDATA/Primary camera/DCIM/103GOPRO/GOPR3730.JPG,ALLFISHDATA,Primary camera/DCIM/103GOPRO/GOPR3730.JPG,0,model,not_fish,325,2173,549,2256,0.418
ALLFISHDATA/Primary camera/DCIM/103GOPRO/GOPR3820.JPG,ALLFISHDATA,Primary camera/DCIM/103GOPRO/GOPR3820.JPG,0,model,not_fish,1569,524,2529,652,0.461
ALLFISHDATA/Primary camera/DCIM/103GOPRO/GOPR3858.JPG,ALLFISHDATA,Primary camera/DCIM/103GOPRO/GOPR3858.JPG,0,model,not_fish,1718,2762,1883,2917,0.71
ALLFISHDATA/Primary camera/DCIM/103GOPRO/GOPR3858.JPG,ALLFISHDATA,Primary camera/DCIM/103GOPRO/GOPR3858.JPG,1,model,not_fish,1329,0,1823,354,0.229
ALLFISHDATA/Primary camera/DCIM/103GOPRO/GOPR3859.JPG,ALLFISHDATA,Primary camera/DCIM/103GOPRO/GOPR3859.JPG,0,model,not_fish,1687,2713,1827,2897,0.802
ALLFISHDATA/Primary camera/DCIM/103GOPRO/GOPR3870.JPG,ALLFISHDATA,Primary camera/DCIM/103GOPRO/GOPR3870.JPG,0,model,not_fish,2342,0,4000,363,0.36
ALLFISHDATA/Primary camera/DCIM/103GOPRO/GOPR3870.JPG,ALLFISHDATA,Primary camera/DCIM/103GOPRO/GOPR3870.JPG,1,model,not_fish,37,39,1773,870,0.262
ALLFISHDATA/Primary camera/DCIM/103GOPRO/GOPR3987.JPG,ALLFISHDATA,Primary camera/DCIM/103GOPRO/GOPR3987.JPG,0,model,not_fish,1381,0,3698,2069,0.171
ALLFISHDATA/Primary camera/DCIM/104GOPROSOURCE/GOPR4517.JPG,ALLFISHDATA,Primary camera/DCIM/104GOPROSOURCE/GOPR4517.JPG,0,model,not_fish,50,2048,2535,2992,0.14
ALLFISHDATA/Primary camera/DCIM/104GOPROSOURCE/GOPR4525.JPG,ALLFISHDATA,Primary camera/DCIM/104GOPROSOURCE/GOPR4525.JPG,0,model,not_fish,518,678,2956,2199,0.607
ALLFISHDATA/Primary camera/DCIM/104GOPROSOURCE/GOPR4531.JPG,ALLFISHDATA,Primary camera/DCIM/104GOPROSOURCE/GOPR4531.JPG,0,model,not_fish,956,785,2840,2185,0.305
ALLFISHDATA/Primary camera/DCIM/104GOPROSOURCE/GOPR4531.JPG,ALLFISHDATA,Primary camera/DCIM/104GOPROSOURCE/GOPR4531.JPG,1,model,not_fish,418,780,2567,2066,0.259
ALLFISHDATA/Primary camera/DCIM/104GOPROSOURCE/GOPR4531.JPG,ALLFISHDATA,Primary camera/DCIM/104GOPROSOURCE/GOPR4531.JPG,2,model,not_fish,1047,776,2406,2128,0.178
ALLFISHDATA/Primary camera/DCIM/104GOPROSOURCE/GOPR4532.JPG,ALLFISHDATA,Primary camera/DCIM/104GOPROSOURCE/GOPR4532.JPG,0,model,not_fish,955,1051,3275,2218,0.187
ALLFISHDATA/Primary camera/DCIM/104GOPROSOURCE/GOPR4534.JPG,ALLFISHDATA,Primary camera/DCIM/104GOPROSOURCE/GOPR4534.JPG,0,model,not_fish,322,920,2654,2085,0.605
ALLFISHDATA/Primary camera/DCIM/104GOPROSOURCE/GOPR4534.JPG,ALLFISHDATA,Primary camera/DCIM/104GOPROSOURCE/GOPR4534.JPG,1,model,not_fish,832,925,3282,2227,0.586
ALLFISHDATA/Primary camera/DCIM/104GOPROSOURCE/GOPR4534.JPG,ALLFISHDATA,Primary camera/DCIM/104GOPROSOURCE/GOPR4534.JPG,2,model,not_fish,935,925,2698,2144,0.274
ALLFISHDATA/Primary camera/DCIM/104GOPROSOURCE/GOPR4534.JPG,ALLFISHDATA,Primary camera/DCIM/104GOPROSOURCE/GOPR4534.JPG,3,model,not_fish,636,929,2334,2025,0.126
ALLFISHDATA/Primary camera/DCIM/104GOPROSOURCE/GOPR4553.JPG,ALLFISHDATA,Primary camera/DCIM/104GOPROSOURCE/GOPR4553.JPG,0,model,not_fish,1,1900,1325,2998,0.403
ALLFISHDATA/Primary camera/DCIM/104GOPROSOURCE/GOPR4977.JPG,ALLFISHDATA,Primary camera/DCIM/104GOPROSOURCE/GOPR4977.JPG,0,model,not_fish,0,150,451,935,0.304
ALLFISHDATA/Primary camera/DCIM/104GOPROSOURCE/GOPR4986.JPG,ALLFISHDATA,Primary camera/DCIM/104GOPROSOURCE/GOPR4986.JPG,0,model,fish,0,1055,2457,3000,0.38
ALLFISHDATA/Primary camera/DCIM/104GOPROSOURCE/GOPR4986.JPG,ALLFISHDATA,Primary camera/DCIM/104GOPROSOURCE/GOPR4986.JPG,1,model,fish,501,694,2956,2702,0.151
ALLFISHDATA/Primary camera/DCIM/104GOPROSOURCE/GOPR4986.JPG,ALLFISHDATA,Primary camera/DCIM/104GOPROSOURCE/GOPR4986.JPG,2,model,fish,833,566,3289,2530,0.149
ALLFISHDATA/Primary camera/DCIM/104GOPROSOURCE/GOPR4989.JPG,ALLFISHDATA,Primary camera/DCIM/104GOPROSOURCE/GOPR4989.JPG,0,model,fish,2508,2140,3324,2409,0.849
ALLFISHDATA/Primary camera/DCIM/104GOPROSOURCE/GOPR4989.JPG,ALLFISHDATA,Primary camera/DCIM/104GOPROSOURCE/GOPR4989.JPG,1,model,fish,1456,1977,2008,2156,0.813
ALLFISHDATA/Primary camera/DCIM/104GOPROSOURCE/GOPR4989.JPG,ALLFISHDATA,Primary camera/DCIM/104GOPROSOURCE/GOPR4989.JPG,2,model,fish,3270,2325,3952,2564,0.777
ALLFISHDATA/Primary camera/DCIM/104GOPROSOURCE/GOPR4989.JPG,ALLFISHDATA,Primary camera/DCIM/104GOPROSOURCE/GOPR4989.JPG,3,model,fish,2226,1667,2709,1826,0.747
ALLFISHDATA/Primary camera/DCIM/104GOPROSOURCE/GOPR4989.JPG,ALLFISHDATA,Primary camera/DCIM/104GOPROSOURCE/GOPR4989.JPG,4,model,fish,786,2361,1284,2559,0.738
ALLFISHDATA/Primary camera/DCIM/104GOPROSOURCE/GOPR4989.JPG,ALLFISHDATA,Primary camera/DCIM/104GOPROSOURCE/GOPR4989.JPG,5,model,fish,2478,2634,2960,2921,0.679
ALLFISHDATA/Primary camera/DCIM/104GOPROSOURCE/GOPR4989.JPG,ALLFISHDATA,Primary camera/DCIM/104GOPROSOURCE/GOPR4989.JPG,6,model,fish,1612,2360,1944,2505,0.679
ALLFISHDATA/Primary camera/DCIM/104GOPROSOURCE/GOPR4989.JPG,ALLFISHDATA,Primary camera/DCIM/104GOPROSOURCE/GOPR4989.JPG,7,model,fish,2508,2325,3001,2463,0.514
ALLFISHDATA/Primary camera/DCIM/104GOPROSOURCE/GOPR4989.JPG,ALLFISHDATA,Primary camera/DCIM/104GOPROSOURCE/GOPR4989.JPG,8,model,fish,3458,2149,3996,2339,0.382
ALLFISHDATA/Primary camera/DCIM/104GOPROSOURCE/GOPR4989.JPG,ALLFISHDATA,Primary camera/DCIM/104GOPROSOURCE/GOPR4989.JPG,9,model,fish,585,2533,999,2716,0.346
ALLFISHDATA/Primary camera/DCIM/104GOPROSOURCE/GOPR4989.JPG,ALLFISHDATA,Primary camera/DCIM/104GOPROSOURCE/GOPR4989.JPG,10,model,fish,1399,2115,1680,2288,0.333
ALLFISHDATA/Primary camera/DCIM/104GOPROSOURCE/GOPR4989.JPG,ALLFISHDATA,Primary camera/DCIM/104GOPROSOURCE/GOPR4989.JPG,11,model,fish,1803,2257,2037,2339,0.315
ALLFISHDATA/Primary camera/DCIM/104GOPROSOURCE/GOPR4989.JPG,ALLFISHDATA,Primary camera/DCIM/104GOPROSOURCE/GOPR4989.JPG,12,model,fish,2174,2150,2445,2361,0.21
ALLFISHDATA/Primary camera/DCIM/104GOPROSOURCE/GOPR4989.JPG,ALLFISHDATA,Primary camera/DCIM/104GOPROSOURCE/GOPR4989.JPG,13,model,fish,2385,2067,2653,2151,0.208
ALLFISHDATA/Primary camera/DCIM/104GOPROSOURCE/GOPR4989.JPG,ALLFISHDATA,Primary camera/DCIM/104GOPROSOURCE/GOPR4989.JPG,14,model,fish,1089,2291,1401,2438,0.179
ALLFISHDATA/Primary camera/DCIM/104GOPROSOURCE/GOPR4989.JPG,ALLFISHDATA,Primary camera/DCIM/104GOPROSOURCE/GOPR4989.JPG,15,model,fish,602,1909,846,1995,0.161
ALLFISHDATA/Primary camera/DCIM/104GOPROSOURCE/GOPR4989.JPG,ALLFISHDATA,Primary camera/DCIM/104GOPROSOURCE/GOPR4989.JPG,16,model,fish,1197,1674,1453,1770,0.155
ALLFISHDATA/Primary camera/DCIM/104GOPROSOURCE/GOPR4989.JPG,ALLFISHDATA,Primary camera/DCIM/104GOPROSOURCE/GOPR4989.JPG,17,model,fish,3450,1797,3771,1896,0.144
ALLFISHDATA/Primary camera/DCIM/104GOPROSOURCE/GOPR4989.JPG,ALLFISHDATA,Primary camera/DCIM/104GOPROSOURCE/GOPR4989.JPG,18,model,fish,1635,1857,1906,1958,0.123
ALLFISHDATA/Primary camera/DCIM/104GOPROSOURCE/GOPR5012.JPG,ALLFISHDATA,Primary camera/DCIM/104GOPROSOURCE/GOPR5012.JPG,0,model,fish,1977,1653,2312,1810,0.168
ALLFISHDATA/Primary camera/DCIM/104GOPROSOURCE/GOPR5012.JPG,ALLFISHDATA,Primary camera/DCIM/104GOPROSOURCE/GOPR5012.JPG,1,model,fish,1657,534,1894,705,0.137
ALLFISHDATA/Primary camera/DCIM/104GOPROSOURCE/GOPR5012.JPG,ALLFISHDATA,Primary camera/DCIM/104GOPROSOURCE/GOPR5012.JPG,2,missed,fish,1729,1361,1896,1498,
ALLFISHDATA/Primary camera/DCIM/104GOPROSOURCE/GOPR5012.JPG,ALLFISHDATA,Primary camera/DCIM/104GOPROSOURCE/GOPR5012.JPG,3,missed,fish,1690,1570,1974,1638,
ALLFISHDATA/Primary camera/DCIM/104GOPROSOURCE/GOPR5012.JPG,ALLFISHDATA,Primary camera/DCIM/104GOPROSOURCE/GOPR5012.JPG,4,missed,fish,2052,1351,2245,1495,
ALLFISHDATA/Primary camera/DCIM/104GOPROSOURCE/GOPR5012.JPG,ALLFISHDATA,Primary camera/DCIM/104GOPROSOURCE/GOPR5012.JPG,5,missed,fish,1592,738,1968,979,
ALLFISHDATA/Primary camera/DCIM/104GOPROSOURCE/GOPR5012.JPG,ALLFISHDATA,Primary camera/DCIM/104GOPROSOURCE/GOPR5012.JPG,6,missed,fish,1987,529,2193,881,
ALLFISHDATA/Primary camera/DCIM/104GOPROSOURCE/GOPR5012.JPG,ALLFISHDATA,Primary camera/DCIM/104GOPROSOURCE/GOPR5012.JPG,7,missed,fish,2258,1468,2405,1534,
ALLFISHDATA/Primary camera/DCIM/104GOPROSOURCE/GOPR5012.JPG,ALLFISHDATA,Primary camera/DCIM/104GOPROSOURCE/GOPR5012.JPG,8,missed,fish,1302,1638,1488,1749,
ALLFISHDATA/Primary camera/DCIM/104GOPROSOURCE/GOPR5033.JPG,ALLFISHDATA,Primary camera/DCIM/104GOPROSOURCE/GOPR5033.JPG,0,model,fish,508,1314,1362,1583,0.795
ALLFISHDATA/Primary camera/DCIM/104GOPROSOURCE/GOPR5033.JPG,ALLFISHDATA,Primary camera/DCIM/104GOPROSOURCE/GOPR5033.JPG,1,model,fish,2644,1583,3058,1725,0.547
ALLFISHDATA/Primary camera/DCIM/104GOPROSOURCE/GOPR5033.JPG,ALLFISHDATA,Primary camera/DCIM/104GOPROSOURCE/GOPR5033.JPG,2,model,fish,1760,1369,1989,1499,0.336
ALLFISHDATA/Primary camera/DCIM/104GOPROSOURCE/GOPR5033.JPG,ALLFISHDATA,Primary camera/DCIM/104GOPROSOURCE/GOPR5033.JPG,3,model,fish,1124,440,1631,782,0.326
ALLFISHDATA/Primary camera/DCIM/104GOPROSOURCE/GOPR5033.JPG,ALLFISHDATA,Primary camera/DCIM/104GOPROSOURCE/GOPR5033.JPG,4,model,fish,1683,2450,2081,2578,0.236
ALLFISHDATA/Primary camera/DCIM/104GOPROSOURCE/GOPR5033.JPG,ALLFISHDATA,Primary camera/DCIM/104GOPROSOURCE/GOPR5033.JPG,5,model,fish,1634,2767,1991,2956,0.224
ALLFISHDATA/Primary camera/DCIM/104GOPROSOURCE/GOPR5033.JPG,ALLFISHDATA,Primary camera/DCIM/104GOPROSOURCE/GOPR5033.JPG,6,model,fish,2155,2569,2460,2714,0.208
ALLFISHDATA/Primary camera/DCIM/104GOPROSOURCE/GOPR5033.JPG,ALLFISHDATA,Primary camera/DCIM/104GOPROSOURCE/GOPR5033.JPG,7,model,fish,1262,2833,1593,2999,0.199
ALLFISHDATA/Primary camera/DCIM/104GOPROSOURCE/GOPR5033.JPG,ALLFISHDATA,Primary camera/DCIM/104GOPROSOURCE/GOPR5033.JPG,8,model,fish,2159,1135,2399,1248,0.197
ALLFISHDATA/Primary camera/DCIM/104GOPROSOURCE/GOPR5033.JPG,ALLFISHDATA,Primary camera/DCIM/104GOPROSOURCE/GOPR5033.JPG,9,model,fish,1054,1584,1237,1694,0.127
ALLFISHDATA/Primary camera/DCIM/104GOPROSOURCE/GOPR5033.JPG,ALLFISHDATA,Primary camera/DCIM/104GOPROSOURCE/GOPR5033.JPG,10,model,fish,1823,573,2110,732,0.123
ALLFISHDATA/Primary camera/DCIM/104GOPROSOURCE/GOPR5033.JPG,ALLFISHDATA,Primary camera/DCIM/104GOPROSOURCE/GOPR5033.JPG,11,model,fish,2288,655,2562,803,0.122
ALLFISHDATA/Primary camera/DCIM/104GOPROSOURCE/GOPR5033.JPG,ALLFISHDATA,Primary camera/DCIM/104GOPROSOURCE/GOPR5033.JPG,12,model,fish,2772,2884,3246,2998,0.118
ALLFISHDATA/Primary camera/DCIM/104GOPROSOURCE/GOPR5033.JPG,ALLFISHDATA,Primary camera/DCIM/104GOPROSOURCE/GOPR5033.JPG,13,model,fish,1011,826,1376,1047,0.105
ALLFISHDATA/Primary camera/DCIM/104GOPROSOURCE/GOPR5033.JPG,ALLFISHDATA,Primary camera/DCIM/104GOPROSOURCE/GOPR5033.JPG,14,model,fish,2996,2054,3703,2264,0.1
ALLFISHDATA/Primary camera/DCIM/104GOPROSOURCE/GOPR5033.JPG,ALLFISHDATA,Primary camera/DCIM/104GOPROSOURCE/GOPR5033.JPG,15,missed,fish,271,1801,532,1968,
ALLFISHDATA/Primary camera/DCIM/104GOPROSOURCE/GOPR5033.JPG,ALLFISHDATA,Primary camera/DCIM/104GOPROSOURCE/GOPR5033.JPG,16,missed,fish,418,2056,728,2278,
ALLFISHDATA/Primary camera/DCIM/104GOPROSOURCE/GOPR5033.JPG,ALLFISHDATA,Primary camera/DCIM/104GOPROSOURCE/GOPR5033.JPG,17,missed,fish,754,1971,1472,2248,
ALLFISHDATA/Primary camera/DCIM/104GOPROSOURCE/GOPR5033.JPG,ALLFISHDATA,Primary camera/DCIM/104GOPROSOURCE/GOPR5033.JPG,18,missed,fish,1083,2431,1553,2588,
ALLFISHDATA/Primary camera/DCIM/104GOPROSOURCE/GOPR5033.JPG,ALLFISHDATA,Primary camera/DCIM/104GOPROSOURCE/GOPR5033.JPG,19,missed,fish,1583,2033,2065,2092,
ALLFISHDATA/Primary camera/DCIM/104GOPROSOURCE/GOPR5033.JPG,ALLFISHDATA,Primary camera/DCIM/104GOPROSOURCE/GOPR5033.JPG,20,missed,fish,1762,1821,2206,1938,
ALLFISHDATA/Primary camera/DCIM/104GOPROSOURCE/GOPR5033.JPG,ALLFISHDATA,Primary camera/DCIM/104GOPROSOURCE/GOPR5033.JPG,21,missed,fish,2167,1733,2780,1860,
ALLFISHDATA/Primary camera/DCIM/104GOPROSOURCE/GOPR5033.JPG,ALLFISHDATA,Primary camera/DCIM/104GOPROSOURCE/GOPR5033.JPG,22,missed,fish,2483,1416,2662,1475,
ALLFISHDATA/Primary camera/DCIM/104GOPROSOURCE/GOPR5033.JPG,ALLFISHDATA,Primary camera/DCIM/104GOPROSOURCE/GOPR5033.JPG,23,missed,fish,2653,1188,2888,1240,
ALLFISHDATA/Primary camera/DCIM/104GOPROSOURCE/GOPR5033.JPG,ALLFISHDATA,Primary camera/DCIM/104GOPROSOURCE/GOPR5033.JPG,24,missed,fish,2682,937,2933,1008,
ALLFISHDATA/Primary camera/DCIM/104GOPROSOURCE/GOPR5033.JPG,ALLFISHDATA,Primary camera/DCIM/104GOPROSOURCE/GOPR5033.JPG,25,missed,fish,2294,881,2493,901,
ALLFISHDATA/Primary camera/DCIM/104GOPROSOURCE/GOPR5033.JPG,ALLFISHDATA,Primary camera/DCIM/104GOPROSOURCE/GOPR5033.JPG,26,missed,fish,1943,905,2116,983,
ALLFISHDATA/Primary camera/DCIM/104GOPROSOURCE/GOPR5033.JPG,ALLFISHDATA,Primary camera/DCIM/104GOPROSOURCE/GOPR5033.JPG,27,missed,fish,1581,990,1904,1081,
ALLFISHDATA/Primary camera/DCIM/104GOPROSOURCE/GOPR5033.JPG,ALLFISHDATA,Primary camera/DCIM/104GOPROSOURCE/GOPR5033.JPG,28,missed,fish,1463,1143,1705,1310,
ALLFISHDATA/Primary camera/DCIM/104GOPROSOURCE/GOPR5033.JPG,ALLFISHDATA,Primary camera/DCIM/104GOPROSOURCE/GOPR5033.JPG,29,missed,fish,1483,1512,1763,1636,
ALLFISHDATA/Primary camera/DCIM/104GOPROSOURCE/GOPR5033.JPG,ALLFISHDATA,Primary camera/DCIM/104GOPROSOURCE/GOPR5033.JPG,30,missed,fish,1434,1718,1652,1835,
ALLFISHDATA/Primary camera/DCIM/104GOPROSOURCE/GOPR5033.JPG,ALLFISHDATA,Primary camera/DCIM/104GOPROSOURCE/GOPR5033.JPG,31,missed,fish,465,2331,928,2569,
ALLFISHDATA/Primary camera/DCIM/104GOPROSOURCE/GOPR5033.JPG,ALLFISHDATA,Primary camera/DCIM/104GOPROSOURCE/GOPR5033.JPG,32,missed,fish,504,2654,863,2791,
ALLFISHDATA/Primary camera/DCIM/104GOPROSOURCE/GOPR5033.JPG,ALLFISHDATA,Primary camera/DCIM/104GOPROSOURCE/GOPR5033.JPG,33,missed,fish,1072,2739,1303,2814,
ALLFISHDATA/Primary camera/DCIM/104GOPROSOURCE/GOPR5033.JPG,ALLFISHDATA,Primary camera/DCIM/104GOPROSOURCE/GOPR5033.JPG,34,missed,fish,289,1391,543,1613,
ALLFISHDATA/Primary camera/DCIM/104GOPROSOURCE/GOPR5033.JPG,ALLFISHDATA,Primary camera/DCIM/104GOPROSOURCE/GOPR5033.JPG,35,missed,fish,628,1626,1065,1763,
ALLFISHDATA/Primary camera/DCIM/104GOPROSOURCE/GOPR5033.JPG,ALLFISHDATA,Primary camera/DCIM/104GOPROSOURCE/GOPR5033.JPG,36,missed,fish,142,2155,380,2448,
ALLFISHDATA/Primary camera/DCIM/104GOPROSOURCE/GOPR5033.JPG,ALLFISHDATA,Primary camera/DCIM/104GOPROSOURCE/GOPR5033.JPG,37,missed,fish,204,2566,785,2758,
ALLFISHDATA/Primary camera/DCIM/104GOPROSOURCE/GOPR5033.JPG,ALLFISHDATA,Primary camera/DCIM/104GOPROSOURCE/GOPR5033.JPG,38,missed,fish,2139,2083,2380,2311,
ALLFISHDATA/Primary camera/DCIM/104GOPROSOURCE/GOPR5033.JPG,ALLFISHDATA,Primary camera/DCIM/104GOPROSOURCE/GOPR5033.JPG,39,missed,fish,2396,2148,2749,2262,
ALLFISHDATA/Primary camera/DCIM/104GOPROSOURCE/GOPR5033.JPG,ALLFISHDATA,Primary camera/DCIM/104GOPROSOURCE/GOPR5033.JPG,40,missed,fish,2628,2076,2814,2148,
ALLFISHDATA/Primary camera/DCIM/104GOPROSOURCE/GOPR5033.JPG,ALLFISHDATA,Primary camera/DCIM/104GOPROSOURCE/GOPR5033.JPG,41,missed,fish,2148,1545,2334,1626,
ALLFISHDATA/Primary camera/DCIM/104GOPROSOURCE/GOPR5033.JPG,ALLFISHDATA,Primary camera/DCIM/104GOPROSOURCE/GOPR5033.JPG,42,missed,fish,3081,1329,3209,1385,
ALLFISHDATA/Primary camera/DCIM/104GOPROSOURCE/GOPR5033.JPG,ALLFISHDATA,Primary camera/DCIM/104GOPROSOURCE/GOPR5033.JPG,43,missed,fish,3140,1045,3382,1117,
ALLFISHDATA/Primary camera/DCIM/104GOPROSOURCE/GOPR5033.JPG,ALLFISHDATA,Primary camera/DCIM/104GOPROSOURCE/GOPR5033.JPG,44,missed,fish,2902,735,3091,784,
ALLFISHDATA/Primary camera/DCIM/104GOPROSOURCE/GOPR5033.JPG,ALLFISHDATA,Primary camera/DCIM/104GOPROSOURCE/GOPR5033.JPG,45,missed,fish,2804,474,3134,514,
ALLFISHDATA/Primary camera/DCIM/104GOPROSOURCE/GOPR5033.JPG,ALLFISHDATA,Primary camera/DCIM/104GOPROSOURCE/GOPR5033.JPG,46,missed,fish,3323,605,3623,765,
ALLFISHDATA/Primary camera/DCIM/104GOPROSOURCE/GOPR5033.JPG,ALLFISHDATA,Primary camera/DCIM/104GOPROSOURCE/GOPR5033.JPG,47,missed,fish,3532,1140,3770,1378,
ALLFISHDATA/Primary camera/DCIM/104GOPROSOURCE/GOPR5033.JPG,ALLFISHDATA,Primary camera/DCIM/104GOPROSOURCE/GOPR5033.JPG,48,missed,fish,3411,1639,3675,1753,
ALLFISHDATA/Primary camera/DCIM/104GOPROSOURCE/GOPR5033.JPG,ALLFISHDATA,Primary camera/DCIM/104GOPROSOURCE/GOPR5033.JPG,49,missed,fish,3587,1828,3806,1881,
ALLFISHDATA/Primary camera/DCIM/104GOPROSOURCE/GOPR5033.JPG,ALLFISHDATA,Primary camera/DCIM/104GOPROSOURCE/GOPR5033.JPG,50,missed,fish,373,660,768,824,
ALLFISHDATA/Primary camera/DCIM/104GOPROSOURCE/GOPR5033.JPG,ALLFISHDATA,Primary camera/DCIM/104GOPROSOURCE/GOPR5033.JPG,51,missed,fish,550,961,811,1104,
ALLFISHDATA/Primary camera/DCIM/104GOPROSOURCE/GOPR5033.JPG,ALLFISHDATA,Primary camera/DCIM/104GOPROSOURCE/GOPR5033.JPG,52,missed,fish,409,1091,768,1205,
ALLFISHDATA/Primary camera/DCIM/104GOPROSOURCE/GOPR5033.JPG,ALLFISHDATA,Primary camera/DCIM/104GOPROSOURCE/GOPR5033.JPG,53,missed,fish,354,595,504,638,
ALLFISHDATA/Primary camera/DCIM/104GOPROSOURCE/GOPR5033.JPG,ALLFISHDATA,Primary camera/DCIM/104GOPROSOURCE/GOPR5033.JPG,54,missed,fish,703,484,1199,618,
ALLFISHDATA/Primary camera/DCIM/104GOPROSOURCE/GOPR5038.JPG,ALLFISHDATA,Primary camera/DCIM/104GOPROSOURCE/GOPR5038.JPG,0,model,not_fish,1967,1651,2338,1811,0.609
ALLFISHDATA/Primary camera/DCIM/104GOPROSOURCE/GOPR5039.JPG,ALLFISHDATA,Primary camera/DCIM/104GOPROSOURCE/GOPR5039.JPG,0,model,not_fish,1974,1649,2337,1810,0.175
ALLFISHDATA/Primary camera/DCIM/105GOPRO/GOPR5460.JPG,ALLFISHDATA,Primary camera/DCIM/105GOPRO/GOPR5460.JPG,0,model,not_fish,347,101,2704,2135,0.29
ALLFISHDATA/Primary camera/DCIM/105GOPRO/GOPR5460.JPG,ALLFISHDATA,Primary camera/DCIM/105GOPRO/GOPR5460.JPG,1,model,not_fish,908,548,3373,2188,0.28
ALLFISHDATA/Primary camera/DCIM/105GOPRO/GOPR5460.JPG,ALLFISHDATA,Primary camera/DCIM/105GOPRO/GOPR5460.JPG,2,model,not_fish,0,0,2457,1964,0.252
ALLFISHDATA/Primary camera/DCIM/105GOPRO/GOPR5469.JPG,ALLFISHDATA,Primary camera/DCIM/105GOPRO/GOPR5469.JPG,0,model,not_fish,2,0,2458,1915,0.585
ALLFISHDATA/Primary camera/DCIM/105GOPRO/GOPR5542.JPG,ALLFISHDATA,Primary camera/DCIM/105GOPRO/GOPR5542.JPG,0,model,not_fish,466,1230,1018,1414,0.304
ALLFISHDATA/Primary camera/DCIM/105GOPRO/GOPR5542.JPG,ALLFISHDATA,Primary camera/DCIM/105GOPRO/GOPR5542.JPG,1,model,not_fish,462,1182,1086,1418,0.136
ALLFISHDATA/Primary camera/DCIM/105GOPRO/GOPR5555.JPG,ALLFISHDATA,Primary camera/DCIM/105GOPRO/GOPR5555.JPG,0,model,not_fish,1448,884,1705,1064,0.491
ALLFISHDATA/Primary camera/DCIM/105GOPRO/GOPR5555.JPG,ALLFISHDATA,Primary camera/DCIM/105GOPRO/GOPR5555.JPG,1,model,not_fish,1444,878,1809,1073,0.265
ALLFISHDATA/Primary camera/DCIM/105GOPRO/GOPR5561.JPG,ALLFISHDATA,Primary camera/DCIM/105GOPRO/GOPR5561.JPG,0,model,not_fish,492,1218,952,1406,0.186
ALLFISHDATA/Primary camera/DCIM/105GOPRO/GOPR5611.JPG,ALLFISHDATA,Primary camera/DCIM/105GOPRO/GOPR5611.JPG,0,model,not_fish,1438,871,1814,1094,0.223
ALLFISHDATA/Primary camera/DCIM/105GOPRO/GOPR5642.JPG,ALLFISHDATA,Primary camera/DCIM/105GOPRO/GOPR5642.JPG,0,model,not_fish,840,2411,3290,3000,0.877
ALLFISHDATA/Primary camera/DCIM/105GOPRO/GOPR5764.JPG,ALLFISHDATA,Primary camera/DCIM/105GOPRO/GOPR5764.JPG,0,model,not_fish,3385,841,3998,1036,0.141
ALLFISHDATA/Primary camera/DCIM/105GOPRO/GOPR5960.JPG,ALLFISHDATA,Primary camera/DCIM/105GOPRO/GOPR5960.JPG,0,model,not_fish,1249,896,1444,1018,0.192
ALLFISHDATA/Primary camera/DCIM/105GOPRO/GOPR6136.JPG,ALLFISHDATA,Primary camera/DCIM/105GOPRO/GOPR6136.JPG,0,model,not_fish,2899,2016,3568,2341,0.168
ALLFISHDATA/Primary camera/DCIM/105GOPRO/GOPR6140.JPG,ALLFISHDATA,Primary camera/DCIM/105GOPRO/GOPR6140.JPG,0,model,not_fish,3164,1196,3792,1392,0.253
ALLFISHDATA/Primary camera/DCIM/105GOPRO/GOPR6158.JPG,ALLFISHDATA,Primary camera/DCIM/105GOPRO/GOPR6158.JPG,0,model,not_fish,2910,2003,3577,2308,0.704
ALLFISHDATA/Primary camera/DCIM/105GOPRO/GOPR6160.JPG,ALLFISHDATA,Primary camera/DCIM/105GOPRO/GOPR6160.JPG,0,model,not_fish,2891,2015,3572,2338,0.726
ALLFISHDATA/Primary camera/DCIM/106GOPRO/GOPR6190.JPG,ALLFISHDATA,Primary camera/DCIM/106GOPRO/GOPR6190.JPG,0,model,not_fish,3076,1988,3332,2105,0.726
ALLFISHDATA/Primary camera/DCIM/106GOPRO/GOPR6190.JPG,ALLFISHDATA,Primary camera/DCIM/106GOPRO/GOPR6190.JPG,1,model,not_fish,3179,1189,3787,1389,0.287
ALLFISHDATA/Primary camera/DCIM/106GOPRO/GOPR6190.JPG,ALLFISHDATA,Primary camera/DCIM/106GOPRO/GOPR6190.JPG,2,model,not_fish,687,1633,1032,1821,0.153
ALLFISHDATA/Primary camera/DCIM/106GOPRO/GOPR6190.JPG,ALLFISHDATA,Primary camera/DCIM/106GOPRO/GOPR6190.JPG,3,model,not_fish,1328,1718,1544,1859,0.136
ALLFISHDATA/Primary camera/DCIM/106GOPRO/GOPR6275.JPG,ALLFISHDATA,Primary camera/DCIM/106GOPRO/GOPR6275.JPG,0,model,not_fish,3326,2114,3605,2256,0.67
ALLFISHDATA/Primary camera/DCIM/106GOPRO/GOPR6275.JPG,ALLFISHDATA,Primary camera/DCIM/106GOPRO/GOPR6275.JPG,1,model,not_fish,3406,2238,3742,2400,0.268
ALLFISHDATA/Primary camera/DCIM/106GOPRO/GOPR6286.JPG,ALLFISHDATA,Primary camera/DCIM/106GOPRO/GOPR6286.JPG,0,model,not_fish,3305,2116,3691,2313,0.486
ALLFISHDATA/Primary camera/DCIM/106GOPRO/GOPR6375.JPG,ALLFISHDATA,Primary camera/DCIM/106GOPRO/GOPR6375.JPG,0,model,not_fish,3318,1862,3844,2174,0.114
ALLFISHDATA/Primary camera/DCIM/106GOPRO/GOPR6377.JPG,ALLFISHDATA,Primary camera/DCIM/106GOPRO/GOPR6377.JPG,0,model,fish,1146,2271,1887,2532,0.856
ALLFISHDATA/Primary camera/DCIM/106GOPRO/GOPR6449.JPG,ALLFISHDATA,Primary camera/DCIM/106GOPRO/GOPR6449.JPG,0,model,not_fish,3259,1865,3557,1994,0.168
ALLFISHDATA/Primary camera/DCIM/106GOPRO/GOPR6479.JPG,ALLFISHDATA,Primary camera/DCIM/106GOPRO/GOPR6479.JPG,0,model,not_fish,1429,1656,1840,1781,0.345
ALLFISHDATA/Primary camera/DCIM/106GOPRO/GOPR6600.JPG,ALLFISHDATA,Primary camera/DCIM/106GOPRO/GOPR6600.JPG,0,model,not_fish,3257,1872,3550,2012,0.697
ALLFISHDATA/Primary camera/DCIM/106GOPRO/GOPR6682.JPG,ALLFISHDATA,Primary camera/DCIM/106GOPRO/GOPR6682.JPG,0,model,not_fish,3096,152,3433,361,0.435
ALLFISHDATA/Primary camera/DCIM/106GOPRO/GOPR6686.JPG,ALLFISHDATA,Primary camera/DCIM/106GOPRO/GOPR6686.JPG,0,model,not_fish,3249,1874,3540,1989,0.627
ALLFISHDATA/Primary camera/DCIM/106GOPRO/GOPR6726.JPG,ALLFISHDATA,Primary camera/DCIM/106GOPRO/GOPR6726.JPG,0,model,not_fish,3240,1877,3541,1997,0.223
ALLFISHDATA/Primary camera/DCIM/106GOPRO/GOPR6726.JPG,ALLFISHDATA,Primary camera/DCIM/106GOPRO/GOPR6726.JPG,1,model,not_fish,3269,1018,3962,1207,0.129
ALLFISHDATA/Primary camera/DCIM/106GOPRO/GOPR6953.JPG,ALLFISHDATA,Primary camera/DCIM/106GOPRO/GOPR6953.JPG,0,model,not_fish,816,319,3205,2319,0.436
ALLFISHDATA/Primary camera/DCIM/106GOPRO/GOPR6953.JPG,ALLFISHDATA,Primary camera/DCIM/106GOPRO/GOPR6953.JPG,1,model,not_fish,689,0,3032,2107,0.135
ALLFISHDATA/Primary camera/DCIM/106GOPRO/GOPR7084.JPG,ALLFISHDATA,Primary camera/DCIM/106GOPRO/GOPR7084.JPG,0,model,not_fish,835,1063,1365,1254,0.161
ALLFISHDATA/Primary camera/DCIM/107GOPRO/GOPR7455.JPG,ALLFISHDATA,Primary camera/DCIM/107GOPRO/GOPR7455.JPG,0,model,not_fish,888,891,3373,2068,0.234
ALLFISHDATA/Primary camera/DCIM/107GOPRO/GOPR7464.JPG,ALLFISHDATA,Primary camera/DCIM/107GOPRO/GOPR7464.JPG,0,model,not_fish,844,203,3203,2336,0.565
ALLFISHDATA/Primary camera/DCIM/107GOPRO/GOPR7464.JPG,ALLFISHDATA,Primary camera/DCIM/107GOPRO/GOPR7464.JPG,1,model,not_fish,696,0,3112,2032,0.297
ALLFISHDATA/Primary camera/DCIM/107GOPRO/GOPR7464.JPG,ALLFISHDATA,Primary camera/DCIM/107GOPRO/GOPR7464.JPG,2,model,not_fish,884,590,3374,2108,0.278
ALLFISHDATA/Primary camera/DCIM/107GOPRO/GOPR7464.JPG,ALLFISHDATA,Primary camera/DCIM/107GOPRO/GOPR7464.JPG,3,model,not_fish,2400,2812,2554,2952,0.213
ALLFISHDATA/Primary camera/DCIM/107GOPRO/GOPR7468.JPG,ALLFISHDATA,Primary camera/DCIM/107GOPRO/GOPR7468.JPG,0,model,not_fish,843,0,3199,2073,0.447
ALLFISHDATA/Primary camera/DCIM/107GOPRO/GOPR7468.JPG,ALLFISHDATA,Primary camera/DCIM/107GOPRO/GOPR7468.JPG,1,model,not_fish,882,794,3374,2118,0.422
ALLFISHDATA/Primary camera/DCIM/107GOPRO/GOPR7626.JPG,ALLFISHDATA,Primary camera/DCIM/107GOPRO/GOPR7626.JPG,0,model,not_fish,2748,2143,3623,2447,0.841
ALLFISHDATA/Primary camera/DCIM/107GOPRO/GOPR7626.JPG,ALLFISHDATA,Primary camera/DCIM/107GOPRO/GOPR7626.JPG,1,model,not_fish,3254,1840,3895,2233,0.206
ALLFISHDATA/Primary camera/DCIM/107GOPRO/GOPR7642.JPG,ALLFISHDATA,Primary camera/DCIM/107GOPRO/GOPR7642.JPG,0,model,not_fish,2644,1807,2886,1961,0.147
ALLFISHDATA/Primary camera/DCIM/107GOPRO/GOPR7681.JPG,ALLFISHDATA,Primary camera/DCIM/107GOPRO/GOPR7681.JPG,0,model,not_fish,3309,986,3999,1238,0.429
ALLFISHDATA/Primary camera/DCIM/107GOPRO/GOPR7762.JPG,ALLFISHDATA,Primary camera/DCIM/107GOPRO/GOPR7762.JPG,0,model,not_fish,3091,982,3645,1221,0.157
ALLFISHDATA/Primary camera/DCIM/107GOPRO/GOPR7762.JPG,ALLFISHDATA,Primary camera/DCIM/107GOPRO/GOPR7762.JPG,1,model,not_fish,817,1357,892,1410,0.138
ALLFISHDATA/Primary camera/DCIM/107GOPRO/GOPR7763.JPG,ALLFISHDATA,Primary camera/DCIM/107GOPRO/GOPR7763.JPG,0,model,not_fish,3293,1888,3610,2039,0.314
ALLFISHDATA/Primary camera/DCIM/107GOPRO/GOPR7763.JPG,ALLFISHDATA,Primary camera/DCIM/107GOPRO/GOPR7763.JPG,1,model,not_fish,2452,1794,2915,2086,0.175
ALLFISHDATA/Primary camera/DCIM/107GOPRO/GOPR7795.JPG,ALLFISHDATA,Primary camera/DCIM/107GOPRO/GOPR7795.JPG,0,model,not_fish,3274,1885,3601,2039,0.187
ALLFISHDATA/Primary camera/DCIM/107GOPRO/GOPR7891.JPG,ALLFISHDATA,Primary camera/DCIM/107GOPRO/GOPR7891.JPG,0,model,fish,102,2140,2213,2996,0.523
ALLFISHDATA/Primary camera/DCIM/107GOPRO/GOPR7891.JPG,ALLFISHDATA,Primary camera/DCIM/107GOPRO/GOPR7891.JPG,1,model,not_fish,849,471,3154,1940,0.142
ALLFISHDATA/Primary camera/DCIM/107GOPRO/GOPR7940.JPG,ALLFISHDATA,Primary camera/DCIM/107GOPRO/GOPR7940.JPG,0,model,not_fish,3083,781,3830,1129,0.418
ALLFISHDATA/Primary camera/DCIM/107GOPRO/GOPR7940.JPG,ALLFISHDATA,Primary camera/DCIM/107GOPRO/GOPR7940.JPG,1,model,not_fish,3145,1729,3453,1932,0.157
ALLFISHDATA/Primary camera/DCIM/107GOPRO/GOPR8021.JPG,ALLFISHDATA,Primary camera/DCIM/107GOPRO/GOPR8021.JPG,0,model,not_fish,3150,1733,3471,1891,0.512
