frame_id,source,frame,n_model_boxes,n_fish,n_not_fish,n_missed,has_fish
120GOPRO/GOPR7006.JPG,120GOPRO,GOPR7006.JPG,0,0,0,0,no
120GOPRO/GOPR7083.JPG,120GOPRO,GOPR7083.JPG,2,0,2,0,no
120GOPRO/GOPR7147.JPG,120GOPRO,GOPR7147.JPG,1,0,1,0,no
120GOPRO/GOPR7174.JPG,120GOPRO,GOPR7174.JPG,1,0,1,0,no
120GOPRO/GOPR7196.JPG,120GOPRO,GOPR7196.JPG,0,0,0,0,no
120GOPRO/GOPR7257.JPG,120GOPRO,GOPR7257.JPG,1,0,1,0,no
120GOPRO/GOPR7290.JPG,120GOPRO,GOPR7290.JPG,1,0,1,0,no
120GOPRO/GOPR7318.JPG,120GOPRO,GOPR7318.JPG,1,0,1,0,no
120GOPRO/GOPR7363.JPG,120GOPRO,GOPR7363.JPG,0,0,0,0,no
120GOPRO/GOPR7373.JPG,120GOPRO,GOPR7373.JPG,1,0,1,0,no
120GOPRO/GOPR7551.JPG,120GOPRO,GOPR7551.JPG,1,0,1,0,no
120GOPRO/GOPR7615.JPG,120GOPRO,GOPR7615.JPG,3,0,3,0,no
120GOPRO/GOPR7657.JPG,120GOPRO,GOPR7657.JPG,0,0,0,0,no
120GOPRO/GOPR7740.JPG,120GOPRO,GOPR7740.JPG,0,0,0,0,no
120GOPRO/GOPR7864.JPG,120GOPRO,GOPR7864.JPG,3,3,0,0,yes
120GOPRO/GOPR7873.JPG,120GOPRO,GOPR7873.JPG,0,0,0,0,no
120GOPRO/GOPR7877.JPG,120GOPRO,GOPR7877.JPG,1,0,1,0,no
120GOPRO/GOPR7879.JPG,120GOPRO,GOPR7879.JPG,1,0,1,0,no
120GOPRO/GOPR7884.JPG,120GOPRO,GOPR7884.JPG,1,0,1,0,no
120GOPRO/GOPR7891.JPG,120GOPRO,GOPR7891.JPG,1,1,0,0,yes
ALLFISHDATA/Predator camera/DCIM/100GOPRO/GOPR0004.JPG,ALLFISHDATA,Predator camera/DCIM/100GOPRO/GOPR0004.JPG,0,0,0,0,no
ALLFISHDATA/Predator camera/DCIM/100GOPRO/GOPR8021.JPG,ALLFISHDATA,Predator camera/DCIM/100GOPRO/GOPR8021.JPG,2,1,1,0,yes
ALLFISHDATA/Predator camera/DCIM/100GOPRO/GOPR8066.JPG,ALLFISHDATA,Predator camera/DCIM/100GOPRO/GOPR8066.JPG,1,0,1,0,no
ALLFISHDATA/Predator camera/DCIM/100GOPRO/GOPR8090.JPG,ALLFISHDATA,Predator camera/DCIM/100GOPRO/GOPR8090.JPG,0,0,0,0,no
ALLFISHDATA/Predator camera/DCIM/100GOPRO/GOPR8094.JPG,ALLFISHDATA,Predator camera/DCIM/100GOPRO/GOPR8094.JPG,0,0,0,0,no
ALLFISHDATA/Predator camera/DCIM/100GOPRO/GOPR8262.JPG,ALLFISHDATA,Predator camera/DCIM/100GOPRO/GOPR8262.JPG,1,1,0,0,yes
ALLFISHDATA/Predator camera/DCIM/100GOPRO/GOPR8367.JPG,ALLFISHDATA,Predator camera/DCIM/100GOPRO/GOPR8367.JPG,4,4,0,0,yes
ALLFISHDATA/Predator camera/DCIM/100GOPRO/GOPR8391.JPG,ALLFISHDATA,Predator camera/DCIM/100GOPRO/GOPR8391.JPG,1,0,1,0,no
ALLFISHDATA/Predator camera/DCIM/100GOPRO/GOPR8394.JPG,ALLFISHDATA,Predator camera/DCIM/100GOPRO/GOPR8394.JPG,1,0,1,0,no
ALLFISHDATA/Predator camera/DCIM/100GOPRO/GOPR8426.JPG,ALLFISHDATA,Predator camera/DCIM/100GOPRO/GOPR8426.JPG,1,1,0,0,yes
ALLFISHDATA/Predator camera/DCIM/100GOPRO/GOPR8539.JPG,ALLFISHDATA,Predator camera/DCIM/100GOPRO/GOPR8539.JPG,0,0,0,0,no
ALLFISHDATA/Predator camera/DCIM/100GOPRO/GOPR8584.JPG,ALLFISHDATA,Predator camera/DCIM/100GOPRO/GOPR8584.JPG,1,0,1,0,no
ALLFISHDATA/Predator camera/DCIM/100GOPRO/GOPR8635.JPG,ALLFISHDATA,Predator camera/DCIM/100GOPRO/GOPR8635.JPG,2,0,2,0,no
ALLFISHDATA/Predator camera/DCIM/100GOPRO/GOPR8659.JPG,ALLFISHDATA,Predator camera/DCIM/100GOPRO/GOPR8659.JPG,2,0,2,0,no
ALLFISHDATA/Predator camera/DCIM/100GOPRO/GOPR8825.JPG,ALLFISHDATA,Predator camera/DCIM/100GOPRO/GOPR8825.JPG,0,0,0,0,no
ALLFISHDATA/Predator camera/DCIM/100GOPRO/GOPR8930.JPG,ALLFISHDATA,Predator camera/DCIM/100GOPRO/GOPR8930.JPG,3,2,1,0,yes
ALLFISHDATA/Predator camera/DCIM/100GOPRO/GOPR8931.JPG,ALLFISHDATA,Predator camera/DCIM/100GOPRO/GOPR8931.JPG,2,0,2,0,no
ALLFISHDATA/Predator camera/DCIM/100GOPRO/GOPR8936.JPG,ALLFISHDATA,Predator camera/DCIM/100GOPRO/GOPR8936.JPG,2,0,2,0,no
ALLFISHDATA/Predator camera/DCIM/100GOPRO/GOPR8991.JPG,ALLFISHDATA,Predator camera/DCIM/100GOPRO/GOPR8991.JPG,1,0,1,0,no
ALLFISHDATA/Predator camera/DCIM/100GOPRO/GOPR9000.JPG,ALLFISHDATA,Predator camera/DCIM/100GOPRO/GOPR9000.JPG,1,0,1,0,no
ALLFISHDATA/Predator camera/DCIM/101GOPRO/GOPR9014.JPG,ALLFISHDATA,Predator camera/DCIM/101GOPRO/GOPR9014.JPG,2,1,1,0,yes
ALLFISHDATA/Predator camera/DCIM/101GOPRO/GOPR9058.JPG,ALLFISHDATA,Predator camera/DCIM/101GOPRO/GOPR9058.JPG,0,0,0,0,no
ALLFISHDATA/Predator camera/DCIM/101GOPRO/GOPR9072.JPG,ALLFISHDATA,Predator camera/DCIM/101GOPRO/GOPR9072.JPG,1,1,0,0,yes
ALLFISHDATA/Predator camera/DCIM/101GOPRO/GOPR9083.JPG,ALLFISHDATA,Predator camera/DCIM/101GOPRO/GOPR9083.JPG,4,0,4,0,no
ALLFISHDATA/Predator camera/DCIM/101GOPRO/GOPR9229.JPG,ALLFISHDATA,Predator camera/DCIM/101GOPRO/GOPR9229.JPG,1,0,1,0,no
ALLFISHDATA/Predator camera/DCIM/101GOPRO/GOPR9232.JPG,ALLFISHDATA,Predator camera/DCIM/101GOPRO/GOPR9232.JPG,1,0,1,0,no
ALLFISHDATA/Predator camera/DCIM/101GOPRO/GOPR9284.JPG,ALLFISHDATA,Predator camera/DCIM/101GOPRO/GOPR9284.JPG,2,0,2,0,no
ALLFISHDATA/Predator camera/DCIM/101GOPRO/GOPR9314.JPG,ALLFISHDATA,Predator camera/DCIM/101GOPRO/GOPR9314.JPG,1,0,1,0,no
ALLFISHDATA/Predator camera/DCIM/101GOPRO/GOPR9335.JPG,ALLFISHDATA,Predator camera/DCIM/101GOPRO/GOPR9335.JPG,4,2,2,0,yes
ALLFISHDATA/Predator camera/DCIM/101GOPRO/GOPR9348.JPG,ALLFISHDATA,Predator camera/DCIM/101GOPRO/GOPR9348.JPG,0,0,0,2,yes
ALLFISHDATA/Predator camera/DCIM/101GOPRO/GOPR9349.JPG,ALLFISHDATA,Predator camera/DCIM/101GOPRO/GOPR9349.JPG,2,0,2,0,no
ALLFISHDATA/Predator camera/DCIM/101GOPRO/GOPR9423.JPG,ALLFISHDATA,Predator camera/DCIM/101GOPRO/GOPR9423.JPG,1,0,1,0,no
ALLFISHDATA/Predator camera/DCIM/101GOPRO/GOPR9425.JPG,ALLFISHDATA,Predator camera/DCIM/101GOPRO/GOPR9425.JPG,1,0,1,0,no
ALLFISHDATA/Predator camera/DCIM/101GOPRO/GOPR9885.JPG,ALLFISHDATA,Predator camera/DCIM/101GOPRO/GOPR9885.JPG,0,0,0,0,no
ALLFISHDATA/Predator camera/DCIM/101GOPRO/GOPR9910.JPG,ALLFISHDATA,Predator camera/DCIM/101GOPRO/GOPR9910.JPG,1,0,1,0,no
ALLFISHDATA/Predator camera/DCIM/101GOPRO/GOPR9923.JPG,ALLFISHDATA,Predator camera/DCIM/101GOPRO/GOPR9923.JPG,1,0,1,0,no
ALLFISHDATA/Predator camera/DCIM/101GOPRO/GOPR9925.JPG,ALLFISHDATA,Predator camera/DCIM/101GOPRO/GOPR9925.JPG,0,0,0,0,no
ALLFISHDATA/Predator camera/DCIM/101GOPRO/GOPR9994.JPG,ALLFISHDATA,Predator camera/DCIM/101GOPRO/GOPR9994.JPG,0,0,0,0,no
ALLFISHDATA/Predator camera/DCIM/102GOPRO/GOPR0036.JPG,ALLFISHDATA,Predator camera/DCIM/102GOPRO/GOPR0036.JPG,1,0,1,0,no
ALLFISHDATA/Predator camera/DCIM/102GOPRO/GOPR0037.JPG,ALLFISHDATA,Predator camera/DCIM/102GOPRO/GOPR0037.JPG,0,0,0,0,no
ALLFISHDATA/Predator camera/DCIM/102GOPRO/GOPR0109.JPG,ALLFISHDATA,Predator camera/DCIM/102GOPRO/GOPR0109.JPG,1,0,1,0,no
ALLFISHDATA/Predator camera/DCIM/102GOPRO/GOPR0217.JPG,ALLFISHDATA,Predator camera/DCIM/102GOPRO/GOPR0217.JPG,3,0,3,0,no
ALLFISHDATA/Predator camera/DCIM/102GOPRO/GOPR0262.JPG,ALLFISHDATA,Predator camera/DCIM/102GOPRO/GOPR0262.JPG,4,0,4,0,no
ALLFISHDATA/Predator camera/DCIM/102GOPRO/GOPR0372.JPG,ALLFISHDATA,Predator camera/DCIM/102GOPRO/GOPR0372.JPG,0,0,0,0,no
ALLFISHDATA/Predator camera/DCIM/102GOPRO/GOPR0599.JPG,ALLFISHDATA,Predator camera/DCIM/102GOPRO/GOPR0599.JPG,0,0,0,0,no
ALLFISHDATA/Predator camera/DCIM/102GOPRO/GOPR0669.JPG,ALLFISHDATA,Predator camera/DCIM/102GOPRO/GOPR0669.JPG,3,0,3,0,no
ALLFISHDATA/Predator camera/DCIM/102GOPRO/GOPR0733.JPG,ALLFISHDATA,Predator camera/DCIM/102GOPRO/GOPR0733.JPG,2,0,2,0,no
ALLFISHDATA/Predator camera/DCIM/102GOPRO/GOPR0740.JPG,ALLFISHDATA,Predator camera/DCIM/102GOPRO/GOPR0740.JPG,2,0,2,0,no
ALLFISHDATA/Predator camera/DCIM/102GOPRO/GOPR0742.JPG,ALLFISHDATA,Predator camera/DCIM/102GOPRO/GOPR0742.JPG,3,0,3,0,no
ALLFISHDATA/Predator camera/DCIM/102GOPRO/GOPR0809.JPG,ALLFISHDATA,Predator camera/DCIM/102GOPRO/GOPR0809.JPG,1,0,1,0,no
ALLFISHDATA/Predator camera/DCIM/102GOPRO/GOPR0865.JPG,ALLFISHDATA,Predator camera/DCIM/102GOPRO/GOPR0865.JPG,1,0,1,0,no
ALLFISHDATA/Predator camera/DCIM/102GOPRO/GOPR0867.JPG,ALLFISHDATA,Predator camera/DCIM/102GOPRO/GOPR0867.JPG,0,0,0,0,no
ALLFISHDATA/Predator camera/DCIM/102GOPRO/GOPR0869.JPG,ALLFISHDATA,Predator camera/DCIM/102GOPRO/GOPR0869.JPG,1,0,1,0,no
ALLFISHDATA/Predator camera/DCIM/102GOPRO/GOPR0875.JPG,ALLFISHDATA,Predator camera/DCIM/102GOPRO/GOPR0875.JPG,0,0,0,0,no
ALLFISHDATA/Predator camera/DCIM/102GOPRO/GOPR0886.JPG,ALLFISHDATA,Predator camera/DCIM/102GOPRO/GOPR0886.JPG,0,0,0,0,no
ALLFISHDATA/Predator camera/DCIM/102GOPRO/GOPR0974.JPG,ALLFISHDATA,Predator camera/DCIM/102GOPRO/GOPR0974.JPG,3,0,3,0,no
ALLFISHDATA/Predator camera/DCIM/102GOPRO/GOPR0979.JPG,ALLFISHDATA,Predator camera/DCIM/102GOPRO/GOPR0979.JPG,1,0,1,0,no
ALLFISHDATA/Predator camera/DCIM/103GOPRO/GOPR1009.JPG,ALLFISHDATA,Predator camera/DCIM/103GOPRO/GOPR1009.JPG,0,0,0,0,no
ALLFISHDATA/Predator camera/DCIM/103GOPRO/GOPR1050.JPG,ALLFISHDATA,Predator camera/DCIM/103GOPRO/GOPR1050.JPG,0,0,0,0,no
ALLFISHDATA/Predator camera/DCIM/103GOPRO/GOPR1084.JPG,ALLFISHDATA,Predator camera/DCIM/103GOPRO/GOPR1084.JPG,2,0,2,0,no
ALLFISHDATA/Predator camera/DCIM/103GOPRO/GOPR1093.JPG,ALLFISHDATA,Predator camera/DCIM/103GOPRO/GOPR1093.JPG,3,0,3,0,no
ALLFISHDATA/Predator camera/DCIM/103GOPRO/GOPR1108.JPG,ALLFISHDATA,Predator camera/DCIM/103GOPRO/GOPR1108.JPG,3,0,3,0,no
ALLFISHDATA/Predator camera/DCIM/103GOPRO/GOPR1424.JPG,ALLFISHDATA,Predator camera/DCIM/103GOPRO/GOPR1424.JPG,1,0,1,0,no
ALLFISHDATA/Predator camera/DCIM/103GOPRO/GOPR1444.JPG,ALLFISHDATA,Predator camera/DCIM/103GOPRO/GOPR1444.JPG,0,0,0,0,no
ALLFISHDATA/Predator camera/DCIM/103GOPRO/GOPR1454.JPG,ALLFISHDATA,Predator camera/DCIM/103GOPRO/GOPR1454.JPG,2,0,2,0,no
ALLFISHDATA/Predator camera/DCIM/103GOPRO/GOPR1459.JPG,ALLFISHDATA,Predator camera/DCIM/103GOPRO/GOPR1459.JPG,0,0,0,0,no
ALLFISHDATA/Predator camera/DCIM/103GOPRO/GOPR1464.JPG,ALLFISHDATA,Predator camera/DCIM/103GOPRO/GOPR1464.JPG,0,0,0,0,no
ALLFISHDATA/Predator camera/DCIM/103GOPRO/GOPR1503.JPG,ALLFISHDATA,Predator camera/DCIM/103GOPRO/GOPR1503.JPG,1,0,1,0,no
ALLFISHDATA/Predator camera/DCIM/103GOPRO/GOPR1517.JPG,ALLFISHDATA,Predator camera/DCIM/103GOPRO/GOPR1517.JPG,3,0,3,0,no
ALLFISHDATA/Predator camera/DCIM/103GOPRO/GOPR1518.JPG,ALLFISHDATA,Predator camera/DCIM/103GOPRO/GOPR1518.JPG,5,1,4,0,yes
ALLFISHDATA/Predator camera/DCIM/103GOPRO/GOPR1646.JPG,ALLFISHDATA,Predator camera/DCIM/103GOPRO/GOPR1646.JPG,1,0,1,0,no
ALLFISHDATA/Predator camera/DCIM/103GOPRO/GOPR1658.JPG,ALLFISHDATA,Predator camera/DCIM/103GOPRO/GOPR1658.JPG,6,0,6,0,no
ALLFISHDATA/Predator camera/DCIM/103GOPRO/GOPR1808.JPG,ALLFISHDATA,Predator camera/DCIM/103GOPRO/GOPR1808.JPG,2,0,2,0,no
ALLFISHDATA/Predator camera/DCIM/103GOPRO/GOPR1876.JPG,ALLFISHDATA,Predator camera/DCIM/103GOPRO/GOPR1876.JPG,1,0,1,0,no
ALLFISHDATA/Predator camera/DCIM/103GOPRO/GOPR1882.JPG,ALLFISHDATA,Predator camera/DCIM/103GOPRO/GOPR1882.JPG,0,0,0,0,no
ALLFISHDATA/Predator camera/DCIM/103GOPRO/GOPR1908.JPG,ALLFISHDATA,Predator camera/DCIM/103GOPRO/GOPR1908.JPG,1,0,1,0,no
ALLFISHDATA/Predator camera/DCIM/103GOPRO/GOPR1916.JPG,ALLFISHDATA,Predator camera/DCIM/103GOPRO/GOPR1916.JPG,1,0,1,0,no
ALLFISHDATA/Predator camera/DCIM/104GOPRO/GOPR2203.JPG,ALLFISHDATA,Predator camera/DCIM/104GOPRO/GOPR2203.JPG,0,0,0,0,no
ALLFISHDATA/Predator camera/DCIM/104GOPRO/GOPR2414.JPG,ALLFISHDATA,Predator camera/DCIM/104GOPRO/GOPR2414.JPG,1,0,1,0,no
ALLFISHDATA/Predator camera/DCIM/104GOPRO/GOPR2416.JPG,ALLFISHDATA,Predator camera/DCIM/104GOPRO/GOPR2416.JPG,0,0,0,0,no
ALLFISHDATA/Predator camera/DCIM/104GOPRO/GOPR2418.JPG,ALLFISHDATA,Predator camera/DCIM/104GOPRO/GOPR2418.JPG,1,0,1,0,no
ALLFISHDATA/Predator camera/DCIM/104GOPRO/GOPR2429.JPG,ALLFISHDATA,Predator camera/DCIM/104GOPRO/GOPR2429.JPG,0,0,0,0,no
ALLFISHDATA/Predator camera/DCIM/104GOPRO/GOPR2460.JPG,ALLFISHDATA,Predator camera/DCIM/104GOPRO/GOPR2460.JPG,2,0,2,0,no
ALLFISHDATA/Predator camera/DCIM/104GOPRO/GOPR2513.JPG,ALLFISHDATA,Predator camera/DCIM/104GOPRO/GOPR2513.JPG,0,0,0,0,no
ALLFISHDATA/Predator camera/DCIM/104GOPRO/GOPR2568.JPG,ALLFISHDATA,Predator camera/DCIM/104GOPRO/GOPR2568.JPG,1,0,1,0,no
ALLFISHDATA/Predator camera/DCIM/104GOPRO/GOPR2573.JPG,ALLFISHDATA,Predator camera/DCIM/104GOPRO/GOPR2573.JPG,1,0,1,0,no
ALLFISHDATA/Predator camera/DCIM/104GOPRO/GOPR2596.JPG,ALLFISHDATA,Predator camera/DCIM/104GOPRO/GOPR2596.JPG,1,0,1,0,no
ALLFISHDATA/Predator camera/DCIM/104GOPRO/GOPR2655.JPG,ALLFISHDATA,Predator camera/DCIM/104GOPRO/GOPR2655.JPG,0,0,0,0,no
ALLFISHDATA/Predator camera/DCIM/104GOPRO/GOPR2661.JPG,ALLFISHDATA,Predator camera/DCIM/104GOPRO/GOPR2661.JPG,2,0,2,0,no
ALLFISHDATA/Predator camera/DCIM/104GOPRO/GOPR2672.JPG,ALLFISHDATA,Predator camera/DCIM/104GOPRO/GOPR2672.JPG,1,0,1,0,no
ALLFISHDATA/Predator camera/DCIM/104GOPRO/GOPR2673.JPG,ALLFISHDATA,Predator camera/DCIM/104GOPRO/GOPR2673.JPG,3,2,1,0,yes
ALLFISHDATA/Predator camera/DCIM/104GOPRO/GOPR2691.JPG,ALLFISHDATA,Predator camera/DCIM/104GOPRO/GOPR2691.JPG,1,1,0,0,yes
ALLFISHDATA/Predator camera/DCIM/104GOPRO/GOPR2757.JPG,ALLFISHDATA,Predator camera/DCIM/104GOPRO/GOPR2757.JPG,1,0,1,0,no
ALLFISHDATA/Predator camera/DCIM/104GOPRO/GOPR2800.JPG,ALLFISHDATA,Predator camera/DCIM/104GOPRO/GOPR2800.JPG,0,0,0,0,no
ALLFISHDATA/Predator camera/DCIM/104GOPRO/GOPR2871.JPG,ALLFISHDATA,Predator camera/DCIM/104GOPRO/GOPR2871.JPG,1,0,1,0,no
ALLFISHDATA/Predator camera/DCIM/105GOPRO/GOPR3223.JPG,ALLFISHDATA,Predator camera/DCIM/105GOPRO/GOPR3223.JPG,1,0,1,0,no
ALLFISHDATA/Predator camera/DCIM/105GOPRO/GOPR3254.JPG,ALLFISHDATA,Predator camera/DCIM/105GOPRO/GOPR3254.JPG,0,0,0,0,no
ALLFISHDATA/Predator camera/DCIM/105GOPRO/GOPR3282.JPG,ALLFISHDATA,Predator camera/DCIM/105GOPRO/GOPR3282.JPG,0,0,0,0,no
ALLFISHDATA/Predator camera/DCIM/105GOPRO/GOPR3287.JPG,ALLFISHDATA,Predator camera/DCIM/105GOPRO/GOPR3287.JPG,1,0,1,0,no
ALLFISHDATA/Predator camera/DCIM/105GOPRO/GOPR3319.JPG,ALLFISHDATA,Predator camera/DCIM/105GOPRO/GOPR3319.JPG,0,0,0,0,no
ALLFISHDATA/Predator camera/DCIM/105GOPRO/GOPR3347.JPG,ALLFISHDATA,Predator camera/DCIM/105GOPRO/GOPR3347.JPG,0,0,0,0,no
ALLFISHDATA/Predator camera/DCIM/105GOPRO/GOPR3351.JPG,ALLFISHDATA,Predator camera/DCIM/105GOPRO/GOPR3351.JPG,1,0,1,0,no
ALLFISHDATA/Predator camera/DCIM/105GOPRO/GOPR3361.JPG,ALLFISHDATA,Predator camera/DCIM/105GOPRO/GOPR3361.JPG,0,0,0,0,no
ALLFISHDATA/Predator camera/DCIM/105GOPRO/GOPR3366.JPG,ALLFISHDATA,Predator camera/DCIM/105GOPRO/GOPR3366.JPG,1,0,1,0,no
ALLFISHDATA/Predator camera/DCIM/105GOPRO/GOPR3367.JPG,ALLFISHDATA,Predator camera/DCIM/105GOPRO/GOPR3367.JPG,1,0,1,0,no
ALLFISHDATA/Predator camera/DCIM/105GOPRO/GOPR3614.JPG,ALLFISHDATA,Predator camera/DCIM/105GOPRO/GOPR3614.JPG,0,0,0,0,no
ALLFISHDATA/Predator camera/DCIM/105GOPRO/GOPR3857.JPG,ALLFISHDATA,Predator camera/DCIM/105GOPRO/GOPR3857.JPG,1,0,1,0,no
ALLFISHDATA/Predator camera/DCIM/105GOPRO/GOPR3859.JPG,ALLFISHDATA,Predator camera/DCIM/105GOPRO/GOPR3859.JPG,1,0,1,0,no
ALLFISHDATA/Predator camera/DCIM/105GOPRO/GOPR3860.JPG,ALLFISHDATA,Predator camera/DCIM/105GOPRO/GOPR3860.JPG,1,0,1,0,no
ALLFISHDATA/Predator camera/DCIM/105GOPRO/GOPR3891.JPG,ALLFISHDATA,Predator camera/DCIM/105GOPRO/GOPR3891.JPG,2,0,2,0,no
ALLFISHDATA/Predator camera/DCIM/105GOPRO/GOPR3900.JPG,ALLFISHDATA,Predator camera/DCIM/105GOPRO/GOPR3900.JPG,4,0,4,0,no
ALLFISHDATA/Predator camera/DCIM/105GOPRO/GOPR3907.JPG,ALLFISHDATA,Predator camera/DCIM/105GOPRO/GOPR3907.JPG,3,0,3,0,no
ALLFISHDATA/Predator camera/DCIM/105GOPRO/GOPR3966.JPG,ALLFISHDATA,Predator camera/DCIM/105GOPRO/GOPR3966.JPG,2,0,2,0,no
ALLFISHDATA/Predator camera/DCIM/105GOPRO/GOPR3992.JPG,ALLFISHDATA,Predator camera/DCIM/105GOPRO/GOPR3992.JPG,3,0,3,0,no
ALLFISHDATA/Predator camera/DCIM/106GOPRO/GOPR4133.JPG,ALLFISHDATA,Predator camera/DCIM/106GOPRO/GOPR4133.JPG,4,0,4,0,no
ALLFISHDATA/Predator camera/DCIM/106GOPRO/GOPR4170.JPG,ALLFISHDATA,Predator camera/DCIM/106GOPRO/GOPR4170.JPG,1,0,1,0,no
ALLFISHDATA/Predator camera/DCIM/106GOPRO/GOPR4177.JPG,ALLFISHDATA,Predator camera/DCIM/106GOPRO/GOPR4177.JPG,2,0,2,0,no
ALLFISHDATA/Predator camera/DCIM/106GOPRO/GOPR4204.JPG,ALLFISHDATA,Predator camera/DCIM/106GOPRO/GOPR4204.JPG,1,0,1,0,no
ALLFISHDATA/Predator camera/DCIM/106GOPRO/GOPR4206.JPG,ALLFISHDATA,Predator camera/DCIM/106GOPRO/GOPR4206.JPG,1,0,1,0,no
ALLFISHDATA/Predator camera/DCIM/106GOPRO/GOPR4215.JPG,ALLFISHDATA,Predator camera/DCIM/106GOPRO/GOPR4215.JPG,1,0,1,0,no
ALLFISHDATA/Predator camera/DCIM/106GOPRO/GOPR4217.JPG,ALLFISHDATA,Predator camera/DCIM/106GOPRO/GOPR4217.JPG,0,0,0,0,no
ALLFISHDATA/Predator camera/DCIM/106GOPRO/GOPR4218.JPG,ALLFISHDATA,Predator camera/DCIM/106GOPRO/GOPR4218.JPG,0,0,0,0,no
ALLFISHDATA/Predator camera/DCIM/106GOPRO/GOPR4346.JPG,ALLFISHDATA,Predator camera/DCIM/106GOPRO/GOPR4346.JPG,2,0,2,0,no
ALLFISHDATA/Predator camera/DCIM/106GOPRO/GOPR4352.JPG,ALLFISHDATA,Predator camera/DCIM/106GOPRO/GOPR4352.JPG,0,0,0,0,no
ALLFISHDATA/Predator camera/DCIM/106GOPRO/GOPR4358.JPG,ALLFISHDATA,Predator camera/DCIM/106GOPRO/GOPR4358.JPG,0,0,0,0,no
ALLFISHDATA/Predator camera/DCIM/106GOPRO/GOPR4370.JPG,ALLFISHDATA,Predator camera/DCIM/106GOPRO/GOPR4370.JPG,4,0,4,0,no
ALLFISHDATA/Predator camera/DCIM/106GOPRO/GOPR4371.JPG,ALLFISHDATA,Predator camera/DCIM/106GOPRO/GOPR4371.JPG,0,0,0,0,no
ALLFISHDATA/Predator camera/DCIM/106GOPRO/GOPR4377.JPG,ALLFISHDATA,Predator camera/DCIM/106GOPRO/GOPR4377.JPG,3,0,3,0,no
ALLFISHDATA/Predator camera/DCIM/106GOPRO/GOPR4410.JPG,ALLFISHDATA,Predator camera/DCIM/106GOPRO/GOPR4410.JPG,1,1,0,0,yes
ALLFISHDATA/Predator camera/DCIM/106GOPRO/GOPR4443.JPG,ALLFISHDATA,Predator camera/DCIM/106GOPRO/GOPR4443.JPG,0,0,0,0,no
ALLFISHDATA/Predator camera/DCIM/106GOPRO/GOPR4450.JPG,ALLFISHDATA,Predator camera/DCIM/106GOPRO/GOPR4450.JPG,2,0,2,0,no
ALLFISHDATA/Predator camera/DCIM/106GOPRO/GOPR4461.JPG,ALLFISHDATA,Predator camera/DCIM/106GOPRO/GOPR4461.JPG,4,0,4,0,no
ALLFISHDATA/Predator camera/DCIM/106GOPRO/GOPR4512.JPG,ALLFISHDATA,Predator camera/DCIM/106GOPRO/GOPR4512.JPG,2,0,2,0,no
ALLFISHDATA/Primary camera/DCIM/100GOPRO/GOPR0170.JPG,ALLFISHDATA,Primary camera/DCIM/100GOPRO/GOPR0170.JPG,3,0,3,0,no
ALLFISHDATA/Primary camera/DCIM/100GOPRO/GOPR0176.JPG,ALLFISHDATA,Primary camera/DCIM/100GOPRO/GOPR0176.JPG,2,0,2,0,no
ALLFISHDATA/Primary camera/DCIM/100GOPRO/GOPR0230.JPG,ALLFISHDATA,Primary camera/DCIM/100GOPRO/GOPR0230.JPG,1,0,1,0,no
ALLFISHDATA/Primary camera/DCIM/100GOPRO/GOPR0294.JPG,ALLFISHDATA,Primary camera/DCIM/100GOPRO/GOPR0294.JPG,0,0,0,0,no
ALLFISHDATA/Primary camera/DCIM/100GOPRO/GOPR0372.JPG,ALLFISHDATA,Primary camera/DCIM/100GOPRO/GOPR0372.JPG,0,0,0,0,no
ALLFISHDATA/Primary camera/DCIM/100GOPRO/GOPR0640.JPG,ALLFISHDATA,Primary camera/DCIM/100GOPRO/GOPR0640.JPG,0,0,0,0,no
ALLFISHDATA/Primary camera/DCIM/100GOPRO/GOPR0683.JPG,ALLFISHDATA,Primary camera/DCIM/100GOPRO/GOPR0683.JPG,0,0,0,0,no
ALLFISHDATA/Primary camera/DCIM/100GOPRO/GOPR0799.JPG,ALLFISHDATA,Primary camera/DCIM/100GOPRO/GOPR0799.JPG,2,0,2,0,no
ALLFISHDATA/Primary camera/DCIM/100GOPRO/GOPR0832.JPG,ALLFISHDATA,Primary camera/DCIM/100GOPRO/GOPR0832.JPG,2,0,2,0,no
ALLFISHDATA/Primary camera/DCIM/100GOPRO/GOPR0839.JPG,ALLFISHDATA,Primary camera/DCIM/100GOPRO/GOPR0839.JPG,1,0,1,0,no
ALLFISHDATA/Primary camera/DCIM/100GOPRO/GOPR0861.JPG,ALLFISHDATA,Primary camera/DCIM/100GOPRO/GOPR0861.JPG,1,1,0,0,yes
ALLFISHDATA/Primary camera/DCIM/100GOPRO/GOPR0897.JPG,ALLFISHDATA,Primary camera/DCIM/100GOPRO/GOPR0897.JPG,0,0,0,0,no
ALLFISHDATA/Primary camera/DCIM/100GOPRO/GOPR0909.JPG,ALLFISHDATA,Primary camera/DCIM/100GOPRO/GOPR0909.JPG,0,0,0,0,no
ALLFISHDATA/Primary camera/DCIM/100GOPRO/GOPR0914.JPG,ALLFISHDATA,Primary camera/DCIM/100GOPRO/GOPR0914.JPG,2,0,2,0,no
ALLFISHDATA/Primary camera/DCIM/100GOPRO/GOPR1006.JPG,ALLFISHDATA,Primary camera/DCIM/100GOPRO/GOPR1006.JPG,1,0,1,0,no
ALLFISHDATA/Primary camera/DCIM/100GOPRO/GOPR1028.JPG,ALLFISHDATA,Primary camera/DCIM/100GOPRO/GOPR1028.JPG,1,0,1,0,no
ALLFISHDATA/Primary camera/DCIM/100GOPRO/GOPR1135.JPG,ALLFISHDATA,Primary camera/DCIM/100GOPRO/GOPR1135.JPG,2,0,2,0,no
ALLFISHDATA/Primary camera/DCIM/100GOPRO/GOPR1143.JPG,ALLFISHDATA,Primary camera/DCIM/100GOPRO/GOPR1143.JPG,1,0,1,0,no
ALLFISHDATA/Primary camera/DCIM/100GOPRO/GOPR1153.JPG,ALLFISHDATA,Primary camera/DCIM/100GOPRO/GOPR1153.JPG,4,0,4,0,no
ALLFISHDATA/Primary camera/DCIM/100GOPRO/GOPR1162.JPG,ALLFISHDATA,Primary camera/DCIM/100GOPRO/GOPR1162.JPG,3,0,3,0,no
ALLFISHDATA/Primary camera/DCIM/101GOPRO/GOPR1234.JPG,ALLFISHDATA,Primary camera/DCIM/101GOPRO/GOPR1234.JPG,2,0,2,0,no
ALLFISHDATA/Primary camera/DCIM/101GOPRO/GOPR1280.JPG,ALLFISHDATA,Primary camera/DCIM/101GOPRO/GOPR1280.JPG,1,0,1,0,no
ALLFISHDATA/Primary camera/DCIM/101GOPRO/GOPR1287.JPG,ALLFISHDATA,Primary camera/DCIM/101GOPRO/GOPR1287.JPG,1,0,1,0,no
ALLFISHDATA/Primary camera/DCIM/101GOPRO/GOPR1339.JPG,ALLFISHDATA,Primary camera/DCIM/101GOPRO/GOPR1339.JPG,1,0,1,0,no
ALLFISHDATA/Primary camera/DCIM/101GOPRO/GOPR1446.JPG,ALLFISHDATA,Primary camera/DCIM/101GOPRO/GOPR1446.JPG,0,0,0,0,no
ALLFISHDATA/Primary camera/DCIM/101GOPRO/GOPR1569.JPG,ALLFISHDATA,Primary camera/DCIM/101GOPRO/GOPR1569.JPG,0,0,0,0,no
ALLFISHDATA/Primary camera/DCIM/101GOPRO/GOPR1605.JPG,ALLFISHDATA,Primary camera/DCIM/101GOPRO/GOPR1605.JPG,3,0,3,0,no
ALLFISHDATA/Primary camera/DCIM/101GOPRO/GOPR1699.JPG,ALLFISHDATA,Primary camera/DCIM/101GOPRO/GOPR1699.JPG,0,0,0,0,no
ALLFISHDATA/Primary camera/DCIM/101GOPRO/GOPR1783.JPG,ALLFISHDATA,Primary camera/DCIM/101GOPRO/GOPR1783.JPG,2,2,0,0,yes
ALLFISHDATA/Primary camera/DCIM/101GOPRO/GOPR1801.JPG,ALLFISHDATA,Primary camera/DCIM/101GOPRO/GOPR1801.JPG,1,0,1,1,yes
ALLFISHDATA/Primary camera/DCIM/101GOPRO/GOPR1802.JPG,ALLFISHDATA,Primary camera/DCIM/101GOPRO/GOPR1802.JPG,1,0,1,0,no
ALLFISHDATA/Primary camera/DCIM/101GOPRO/GOPR1803.JPG,ALLFISHDATA,Primary camera/DCIM/101GOPRO/GOPR1803.JPG,1,0,1,0,no
ALLFISHDATA/Primary camera/DCIM/101GOPRO/GOPR1806.JPG,ALLFISHDATA,Primary camera/DCIM/101GOPRO/GOPR1806.JPG,1,0,1,0,no
ALLFISHDATA/Primary camera/DCIM/101GOPRO/GOPR1830.JPG,ALLFISHDATA,Primary camera/DCIM/101GOPRO/GOPR1830.JPG,0,0,0,0,no
ALLFISHDATA/Primary camera/DCIM/101GOPRO/GOPR2028.JPG,ALLFISHDATA,Primary camera/DCIM/101GOPRO/GOPR2028.JPG,0,0,0,0,no
ALLFISHDATA/Primary camera/DCIM/101GOPRO/GOPR2035.JPG,ALLFISHDATA,Primary camera/DCIM/101GOPRO/GOPR2035.JPG,1,0,1,0,no
ALLFISHDATA/Primary camera/DCIM/101GOPRO/GOPR2043.JPG,ALLFISHDATA,Primary camera/DCIM/101GOPRO/GOPR2043.JPG,1,0,1,0,no
ALLFISHDATA/Primary camera/DCIM/101GOPRO/GOPR2051.JPG,ALLFISHDATA,Primary camera/DCIM/101GOPRO/GOPR2051.JPG,0,0,0,0,no
ALLFISHDATA/Primary camera/DCIM/101GOPRO/GOPR2052.JPG,ALLFISHDATA,Primary camera/DCIM/101GOPRO/GOPR2052.JPG,3,0,3,0,no
ALLFISHDATA/Primary camera/DCIM/102GOPRO/GOPR2332.JPG,ALLFISHDATA,Primary camera/DCIM/102GOPRO/GOPR2332.JPG,7,0,7,0,no
ALLFISHDATA/Primary camera/DCIM/102GOPRO/GOPR2344.JPG,ALLFISHDATA,Primary camera/DCIM/102GOPRO/GOPR2344.JPG,4,0,4,0,no
ALLFISHDATA/Primary camera/DCIM/102GOPRO/GOPR2350.JPG,ALLFISHDATA,Primary camera/DCIM/102GOPRO/GOPR2350.JPG,2,0,2,0,no
ALLFISHDATA/Primary camera/DCIM/102GOPRO/GOPR2471.JPG,ALLFISHDATA,Primary camera/DCIM/102GOPRO/GOPR2471.JPG,0,0,0,0,no
ALLFISHDATA/Primary camera/DCIM/102GOPRO/GOPR2694.JPG,ALLFISHDATA,Primary camera/DCIM/102GOPRO/GOPR2694.JPG,0,0,0,0,no
ALLFISHDATA/Primary camera/DCIM/102GOPRO/GOPR2820.JPG,ALLFISHDATA,Primary camera/DCIM/102GOPRO/GOPR2820.JPG,1,0,1,0,no
ALLFISHDATA/Primary camera/DCIM/102GOPRO/GOPR2837.JPG,ALLFISHDATA,Primary camera/DCIM/102GOPRO/GOPR2837.JPG,2,0,2,0,no
ALLFISHDATA/Primary camera/DCIM/102GOPRO/GOPR2838.JPG,ALLFISHDATA,Primary camera/DCIM/102GOPRO/GOPR2838.JPG,1,0,1,0,no
ALLFISHDATA/Primary camera/DCIM/102GOPRO/GOPR2839.JPG,ALLFISHDATA,Primary camera/DCIM/102GOPRO/GOPR2839.JPG,2,0,2,0,no
ALLFISHDATA/Primary camera/DCIM/102GOPRO/GOPR2841.JPG,ALLFISHDATA,Primary camera/DCIM/102GOPRO/GOPR2841.JPG,3,0,3,0,no
ALLFISHDATA/Primary camera/DCIM/102GOPRO/GOPR2847.JPG,ALLFISHDATA,Primary camera/DCIM/102GOPRO/GOPR2847.JPG,3,0,3,0,no
ALLFISHDATA/Primary camera/DCIM/102GOPRO/GOPR2880.JPG,ALLFISHDATA,Primary camera/DCIM/102GOPRO/GOPR2880.JPG,1,0,1,0,no
ALLFISHDATA/Primary camera/DCIM/102GOPRO/GOPR2971.JPG,ALLFISHDATA,Primary camera/DCIM/102GOPRO/GOPR2971.JPG,1,0,1,0,no
ALLFISHDATA/Primary camera/DCIM/102GOPRO/GOPR3004.JPG,ALLFISHDATA,Primary camera/DCIM/102GOPRO/GOPR3004.JPG,0,0,0,0,no
ALLFISHDATA/Primary camera/DCIM/102GOPRO/GOPR3014.JPG,ALLFISHDATA,Primary camera/DCIM/102GOPRO/GOPR3014.JPG,0,0,0,0,no
ALLFISHDATA/Primary camera/DCIM/102GOPRO/GOPR3017.JPG,ALLFISHDATA,Primary camera/DCIM/102GOPRO/GOPR3017.JPG,0,0,0,0,no
ALLFISHDATA/Primary camera/DCIM/102GOPRO/GOPR3118.JPG,ALLFISHDATA,Primary camera/DCIM/102GOPRO/GOPR3118.JPG,1,0,1,0,no
ALLFISHDATA/Primary camera/DCIM/102GOPRO/GOPR3165.JPG,ALLFISHDATA,Primary camera/DCIM/102GOPRO/GOPR3165.JPG,1,0,1,0,no
ALLFISHDATA/Primary camera/DCIM/103GOPRO/GOPR3203.JPG,ALLFISHDATA,Primary camera/DCIM/103GOPRO/GOPR3203.JPG,1,0,1,0,no
ALLFISHDATA/Primary camera/DCIM/103GOPRO/GOPR3328.JPG,ALLFISHDATA,Primary camera/DCIM/103GOPRO/GOPR3328.JPG,0,0,0,0,no
ALLFISHDATA/Primary camera/DCIM/103GOPRO/GOPR3331.JPG,ALLFISHDATA,Primary camera/DCIM/103GOPRO/GOPR3331.JPG,1,0,1,0,no
ALLFISHDATA/Primary camera/DCIM/103GOPRO/GOPR3342.JPG,ALLFISHDATA,Primary camera/DCIM/103GOPRO/GOPR3342.JPG,2,0,2,0,no
ALLFISHDATA/Primary camera/DCIM/103GOPRO/GOPR3426.JPG,ALLFISHDATA,Primary camera/DCIM/103GOPRO/GOPR3426.JPG,4,0,4,0,no
ALLFISHDATA/Primary camera/DCIM/103GOPRO/GOPR3595.JPG,ALLFISHDATA,Primary camera/DCIM/103GOPRO/GOPR3595.JPG,0,0,0,0,no
ALLFISHDATA/Primary camera/DCIM/103GOPRO/GOPR3611.JPG,ALLFISHDATA,Primary camera/DCIM/103GOPRO/GOPR3611.JPG,2,0,2,0,no
ALLFISHDATA/Primary camera/DCIM/103GOPRO/GOPR3691.JPG,ALLFISHDATA,Primary camera/DCIM/103GOPRO/GOPR3691.JPG,3,0,3,0,no
ALLFISHDATA/Primary camera/DCIM/103GOPRO/GOPR3727.JPG,ALLFISHDATA,Primary camera/DCIM/103GOPRO/GOPR3727.JPG,0,0,0,0,no
ALLFISHDATA/Primary camera/DCIM/103GOPRO/GOPR3730.JPG,ALLFISHDATA,Primary camera/DCIM/103GOPRO/GOPR3730.JPG,1,0,1,0,no
ALLFISHDATA/Primary camera/DCIM/103GOPRO/GOPR3781.JPG,ALLFISHDATA,Primary camera/DCIM/103GOPRO/GOPR3781.JPG,0,0,0,0,no
ALLFISHDATA/Primary camera/DCIM/103GOPRO/GOPR3820.JPG,ALLFISHDATA,Primary camera/DCIM/103GOPRO/GOPR3820.JPG,1,0,1,0,no
ALLFISHDATA/Primary camera/DCIM/103GOPRO/GOPR3858.JPG,ALLFISHDATA,Primary camera/DCIM/103GOPRO/GOPR3858.JPG,2,0,2,0,no
ALLFISHDATA/Primary camera/DCIM/103GOPRO/GOPR3859.JPG,ALLFISHDATA,Primary camera/DCIM/103GOPRO/GOPR3859.JPG,1,0,1,0,no
ALLFISHDATA/Primary camera/DCIM/103GOPRO/GOPR3870.JPG,ALLFISHDATA,Primary camera/DCIM/103GOPRO/GOPR3870.JPG,2,0,2,0,no
ALLFISHDATA/Primary camera/DCIM/103GOPRO/GOPR3987.JPG,ALLFISHDATA,Primary camera/DCIM/103GOPRO/GOPR3987.JPG,1,0,1,0,no
ALLFISHDATA/Primary camera/DCIM/103GOPRO/GOPR4141.JPG,ALLFISHDATA,Primary camera/DCIM/103GOPRO/GOPR4141.JPG,0,0,0,0,no
ALLFISHDATA/Primary camera/DCIM/104GOPROSOURCE/GOPR4261.JPG,ALLFISHDATA,Primary camera/DCIM/104GOPROSOURCE/GOPR4261.JPG,0,0,0,0,no
ALLFISHDATA/Primary camera/DCIM/104GOPROSOURCE/GOPR4517.JPG,ALLFISHDATA,Primary camera/DCIM/104GOPROSOURCE/GOPR4517.JPG,1,0,1,0,no
ALLFISHDATA/Primary camera/DCIM/104GOPROSOURCE/GOPR4525.JPG,ALLFISHDATA,Primary camera/DCIM/104GOPROSOURCE/GOPR4525.JPG,1,0,1,0,no
ALLFISHDATA/Primary camera/DCIM/104GOPROSOURCE/GOPR4527.JPG,ALLFISHDATA,Primary camera/DCIM/104GOPROSOURCE/GOPR4527.JPG,0,0,0,0,no
ALLFISHDATA/Primary camera/DCIM/104GOPROSOURCE/GOPR4530.JPG,ALLFISHDATA,Primary camera/DCIM/104GOPROSOURCE/GOPR4530.JPG,0,0,0,0,no
ALLFISHDATA/Primary camera/DCIM/104GOPROSOURCE/GOPR4531.JPG,ALLFISHDATA,Primary camera/DCIM/104GOPROSOURCE/GOPR4531.JPG,3,0,3,0,no
ALLFISHDATA/Primary camera/DCIM/104GOPROSOURCE/GOPR4532.JPG,ALLFISHDATA,Primary camera/DCIM/104GOPROSOURCE/GOPR4532.JPG,1,0,1,0,no
ALLFISHDATA/Primary camera/DCIM/104GOPROSOURCE/GOPR4534.JPG,ALLFISHDATA,Primary camera/DCIM/104GOPROSOURCE/GOPR4534.JPG,4,0,4,0,no
ALLFISHDATA/Primary camera/DCIM/104GOPROSOURCE/GOPR4553.JPG,ALLFISHDATA,Primary camera/DCIM/104GOPROSOURCE/GOPR4553.JPG,1,0,1,0,no
ALLFISHDATA/Primary camera/DCIM/104GOPROSOURCE/GOPR4785.JPG,ALLFISHDATA,Primary camera/DCIM/104GOPROSOURCE/GOPR4785.JPG,0,0,0,0,no
ALLFISHDATA/Primary camera/DCIM/104GOPROSOURCE/GOPR4977.JPG,ALLFISHDATA,Primary camera/DCIM/104GOPROSOURCE/GOPR4977.JPG,1,0,1,0,no
ALLFISHDATA/Primary camera/DCIM/104GOPROSOURCE/GOPR4986.JPG,ALLFISHDATA,Primary camera/DCIM/104GOPROSOURCE/GOPR4986.JPG,3,3,0,0,yes
ALLFISHDATA/Primary camera/DCIM/104GOPROSOURCE/GOPR4989.JPG,ALLFISHDATA,Primary camera/DCIM/104GOPROSOURCE/GOPR4989.JPG,19,19,0,0,yes
ALLFISHDATA/Primary camera/DCIM/104GOPROSOURCE/GOPR5012.JPG,ALLFISHDATA,Primary camera/DCIM/104GOPROSOURCE/GOPR5012.JPG,2,2,0,7,yes
ALLFISHDATA/Primary camera/DCIM/104GOPROSOURCE/GOPR5033.JPG,ALLFISHDATA,Primary camera/DCIM/104GOPROSOURCE/GOPR5033.JPG,15,15,0,40,yes
ALLFISHDATA/Primary camera/DCIM/104GOPROSOURCE/GOPR5038.JPG,ALLFISHDATA,Primary camera/DCIM/104GOPROSOURCE/GOPR5038.JPG,1,0,1,0,no
ALLFISHDATA/Primary camera/DCIM/104GOPROSOURCE/GOPR5039.JPG,ALLFISHDATA,Primary camera/DCIM/104GOPROSOURCE/GOPR5039.JPG,1,0,1,0,no
ALLFISHDATA/Primary camera/DCIM/104GOPROSOURCE/GOPR5043.JPG,ALLFISHDATA,Primary camera/DCIM/104GOPROSOURCE/GOPR5043.JPG,0,0,0,0,no
ALLFISHDATA/Primary camera/DCIM/104GOPROSOURCE/GOPR5082.JPG,ALLFISHDATA,Primary camera/DCIM/104GOPROSOURCE/GOPR5082.JPG,0,0,0,0,no
ALLFISHDATA/Primary camera/DCIM/105GOPRO/GOPR5460.JPG,ALLFISHDATA,Primary camera/DCIM/105GOPRO/GOPR5460.JPG,3,0,3,0,no
ALLFISHDATA/Primary camera/DCIM/105GOPRO/GOPR5469.JPG,ALLFISHDATA,Primary camera/DCIM/105GOPRO/GOPR5469.JPG,1,0,1,0,no
ALLFISHDATA/Primary camera/DCIM/105GOPRO/GOPR5542.JPG,ALLFISHDATA,Primary camera/DCIM/105GOPRO/GOPR5542.JPG,2,0,2,0,no
ALLFISHDATA/Primary camera/DCIM/105GOPRO/GOPR5555.JPG,ALLFISHDATA,Primary camera/DCIM/105GOPRO/GOPR5555.JPG,2,0,2,0,no
ALLFISHDATA/Primary camera/DCIM/105GOPRO/GOPR5561.JPG,ALLFISHDATA,Primary camera/DCIM/105GOPRO/GOPR5561.JPG,1,0,1,0,no
ALLFISHDATA/Primary camera/DCIM/105GOPRO/GOPR5569.JPG,ALLFISHDATA,Primary camera/DCIM/105GOPRO/GOPR5569.JPG,0,0,0,0,no
ALLFISHDATA/Primary camera/DCIM/105GOPRO/GOPR5590.JPG,ALLFISHDATA,Primary camera/DCIM/105GOPRO/GOPR5590.JPG,0,0,0,0,no
ALLFISHDATA/Primary camera/DCIM/105GOPRO/GOPR5611.JPG,ALLFISHDATA,Primary camera/DCIM/105GOPRO/GOPR5611.JPG,1,0,1,0,no
ALLFISHDATA/Primary camera/DCIM/105GOPRO/GOPR5642.JPG,ALLFISHDATA,Primary camera/DCIM/105GOPRO/GOPR5642.JPG,1,0,1,0,no
ALLFISHDATA/Primary camera/DCIM/105GOPRO/GOPR5672.JPG,ALLFISHDATA,Primary camera/DCIM/105GOPRO/GOPR5672.JPG,0,0,0,0,no
ALLFISHDATA/Primary camera/DCIM/105GOPRO/GOPR5764.JPG,ALLFISHDATA,Primary camera/DCIM/105GOPRO/GOPR5764.JPG,1,0,1,0,no
ALLFISHDATA/Primary camera/DCIM/105GOPRO/GOPR5950.JPG,ALLFISHDATA,Primary camera/DCIM/105GOPRO/GOPR5950.JPG,0,0,0,0,no
ALLFISHDATA/Primary camera/DCIM/105GOPRO/GOPR5960.JPG,ALLFISHDATA,Primary camera/DCIM/105GOPRO/GOPR5960.JPG,1,0,1,0,no
ALLFISHDATA/Primary camera/DCIM/105GOPRO/GOPR6136.JPG,ALLFISHDATA,Primary camera/DCIM/105GOPRO/GOPR6136.JPG,1,0,1,0,no
ALLFISHDATA/Primary camera/DCIM/105GOPRO/GOPR6140.JPG,ALLFISHDATA,Primary camera/DCIM/105GOPRO/GOPR6140.JPG,1,0,1,0,no
ALLFISHDATA/Primary camera/DCIM/105GOPRO/GOPR6142.JPG,ALLFISHDATA,Primary camera/DCIM/105GOPRO/GOPR6142.JPG,0,0,0,0,no
ALLFISHDATA/Primary camera/DCIM/105GOPRO/GOPR6158.JPG,ALLFISHDATA,Primary camera/DCIM/105GOPRO/GOPR6158.JPG,1,0,1,0,no
ALLFISHDATA/Primary camera/DCIM/105GOPRO/GOPR6160.JPG,ALLFISHDATA,Primary camera/DCIM/105GOPRO/GOPR6160.JPG,1,0,1,0,no
ALLFISHDATA/Primary camera/DCIM/106GOPRO/GOPR6190.JPG,ALLFISHDATA,Primary camera/DCIM/106GOPRO/GOPR6190.JPG,4,0,4,0,no
ALLFISHDATA/Primary camera/DCIM/106GOPRO/GOPR6275.JPG,ALLFISHDATA,Primary camera/DCIM/106GOPRO/GOPR6275.JPG,2,0,2,0,no
ALLFISHDATA/Primary camera/DCIM/106GOPRO/GOPR6286.JPG,ALLFISHDATA,Primary camera/DCIM/106GOPRO/GOPR6286.JPG,1,0,1,0,no
ALLFISHDATA/Primary camera/DCIM/106GOPRO/GOPR6289.JPG,ALLFISHDATA,Primary camera/DCIM/106GOPRO/GOPR6289.JPG,0,0,0,0,no
ALLFISHDATA/Primary camera/DCIM/106GOPRO/GOPR6350.JPG,ALLFISHDATA,Primary camera/DCIM/106GOPRO/GOPR6350.JPG,0,0,0,0,no
ALLFISHDATA/Primary camera/DCIM/106GOPRO/GOPR6375.JPG,ALLFISHDATA,Primary camera/DCIM/106GOPRO/GOPR6375.JPG,1,0,1,0,no
ALLFISHDATA/Primary camera/DCIM/106GOPRO/GOPR6377.JPG,ALLFISHDATA,Primary camera/DCIM/106GOPRO/GOPR6377.JPG,1,1,0,0,yes
ALLFISHDATA/Primary camera/DCIM/106GOPRO/GOPR6390.JPG,ALLFISHDATA,Primary camera/DCIM/106GOPRO/GOPR6390.JPG,0,0,0,0,no
ALLFISHDATA/Primary camera/DCIM/106GOPRO/GOPR6449.JPG,ALLFISHDATA,Primary camera/DCIM/106GOPRO/GOPR6449.JPG,1,0,1,0,no
ALLFISHDATA/Primary camera/DCIM/106GOPRO/GOPR6479.JPG,ALLFISHDATA,Primary camera/DCIM/106GOPRO/GOPR6479.JPG,1,0,1,0,no
ALLFISHDATA/Primary camera/DCIM/106GOPRO/GOPR6600.JPG,ALLFISHDATA,Primary camera/DCIM/106GOPRO/GOPR6600.JPG,1,0,1,0,no
ALLFISHDATA/Primary camera/DCIM/106GOPRO/GOPR6682.JPG,ALLFISHDATA,Primary camera/DCIM/106GOPRO/GOPR6682.JPG,1,0,1,0,no
ALLFISHDATA/Primary camera/DCIM/106GOPRO/GOPR6686.JPG,ALLFISHDATA,Primary camera/DCIM/106GOPRO/GOPR6686.JPG,1,0,1,0,no
ALLFISHDATA/Primary camera/DCIM/106GOPRO/GOPR6726.JPG,ALLFISHDATA,Primary camera/DCIM/106GOPRO/GOPR6726.JPG,2,0,2,0,no
ALLFISHDATA/Primary camera/DCIM/106GOPRO/GOPR6953.JPG,ALLFISHDATA,Primary camera/DCIM/106GOPRO/GOPR6953.JPG,2,0,2,0,no
ALLFISHDATA/Primary camera/DCIM/106GOPRO/GOPR7044.JPG,ALLFISHDATA,Primary camera/DCIM/106GOPRO/GOPR7044.JPG,0,0,0,0,no
ALLFISHDATA/Primary camera/DCIM/106GOPRO/GOPR7084.JPG,ALLFISHDATA,Primary camera/DCIM/106GOPRO/GOPR7084.JPG,1,0,1,0,no
ALLFISHDATA/Primary camera/DCIM/106GOPRO/GOPR7085.JPG,ALLFISHDATA,Primary camera/DCIM/106GOPRO/GOPR7085.JPG,0,0,0,0,no
ALLFISHDATA/Primary camera/DCIM/107GOPRO/GOPR7168.JPG,ALLFISHDATA,Primary camera/DCIM/107GOPRO/GOPR7168.JPG,0,0,0,0,no
ALLFISHDATA/Primary camera/DCIM/107GOPRO/GOPR7254.JPG,ALLFISHDATA,Primary camera/DCIM/107GOPRO/GOPR7254.JPG,0,0,0,0,no
ALLFISHDATA/Primary camera/DCIM/107GOPRO/GOPR7306.JPG,ALLFISHDATA,Primary camera/DCIM/107GOPRO/GOPR7306.JPG,0,0,0,0,no
ALLFISHDATA/Primary camera/DCIM/107GOPRO/GOPR7455.JPG,ALLFISHDATA,Primary camera/DCIM/107GOPRO/GOPR7455.JPG,1,0,1,0,no
ALLFISHDATA/Primary camera/DCIM/107GOPRO/GOPR7464.JPG,ALLFISHDATA,Primary camera/DCIM/107GOPRO/GOPR7464.JPG,4,0,4,0,no
ALLFISHDATA/Primary camera/DCIM/107GOPRO/GOPR7468.JPG,ALLFISHDATA,Primary camera/DCIM/107GOPRO/GOPR7468.JPG,2,0,2,0,no
ALLFISHDATA/Primary camera/DCIM/107GOPRO/GOPR7590.JPG,ALLFISHDATA,Primary camera/DCIM/107GOPRO/GOPR7590.JPG,0,0,0,0,no
ALLFISHDATA/Primary camera/DCIM/107GOPRO/GOPR7626.JPG,ALLFISHDATA,Primary camera/DCIM/107GOPRO/GOPR7626.JPG,2,0,2,0,no
ALLFISHDATA/Primary camera/DCIM/107GOPRO/GOPR7642.JPG,ALLFISHDATA,Primary camera/DCIM/107GOPRO/GOPR7642.JPG,1,0,1,0,no
ALLFISHDATA/Primary camera/DCIM/107GOPRO/GOPR7681.JPG,ALLFISHDATA,Primary camera/DCIM/107GOPRO/GOPR7681.JPG,1,0,1,0,no
ALLFISHDATA/Primary camera/DCIM/107GOPRO/GOPR7697.JPG,ALLFISHDATA,Primary camera/DCIM/107GOPRO/GOPR7697.JPG,0,0,0,0,no
ALLFISHDATA/Primary camera/DCIM/107GOPRO/GOPR7761.JPG,ALLFISHDATA,Primary camera/DCIM/107GOPRO/GOPR7761.JPG,0,0,0,0,no
ALLFISHDATA/Primary camera/DCIM/107GOPRO/GOPR7762.JPG,ALLFISHDATA,Primary camera/DCIM/107GOPRO/GOPR7762.JPG,2,0,2,0,no
ALLFISHDATA/Primary camera/DCIM/107GOPRO/GOPR7763.JPG,ALLFISHDATA,Primary camera/DCIM/107GOPRO/GOPR7763.JPG,2,0,2,0,no
ALLFISHDATA/Primary camera/DCIM/107GOPRO/GOPR7795.JPG,ALLFISHDATA,Primary camera/DCIM/107GOPRO/GOPR7795.JPG,1,0,1,0,no
ALLFISHDATA/Primary camera/DCIM/107GOPRO/GOPR7891.JPG,ALLFISHDATA,Primary camera/DCIM/107GOPRO/GOPR7891.JPG,2,1,1,0,yes
ALLFISHDATA/Primary camera/DCIM/107GOPRO/GOPR7940.JPG,ALLFISHDATA,Primary camera/DCIM/107GOPRO/GOPR7940.JPG,2,0,2,0,no
ALLFISHDATA/Primary camera/DCIM/107GOPRO/GOPR8021.JPG,ALLFISHDATA,Primary camera/DCIM/107GOPRO/GOPR8021.JPG,1,0,1,0,no
