frame_id,source,frame,camera,folder,blur,brightness,blur_bin,brightness_bin,max_conf,conf_band,n_boxes,max_area_frac,large_box
120GOPRO/GOPR7006.JPG,120GOPRO,GOPR7006.JPG,120GOPRO,120GOPRO,58.8,68.4,mid,low,0.000,none,0,0.000000,no
120GOPRO/GOPR7083.JPG,120GOPRO,GOPR7083.JPG,120GOPRO,120GOPRO,77.7,64.4,high,low,0.708,high,2,0.419737,yes
120GOPRO/GOPR7147.JPG,120GOPRO,GOPR7147.JPG,120GOPRO,120GOPRO,74.7,48.4,high,low,0.376,mid,1,0.000918,no
120GOPRO/GOPR7174.JPG,120GOPRO,GOPR7174.JPG,120GOPRO,120GOPRO,83.1,41.3,high,low,0.218,low,1,0.000780,no
120GOPRO/GOPR7196.JPG,120GOPRO,GOPR7196.JPG,120GOPRO,120GOPRO,123.2,38.2,high,low,0.000,none,0,0.000000,no
120GOPRO/GOPR7257.JPG,120GOPRO,GOPR7257.JPG,120GOPRO,120GOPRO,62.9,17.9,mid,low,0.101,low,1,0.053964,no
120GOPRO/GOPR7290.JPG,120GOPRO,GOPR7290.JPG,120GOPRO,120GOPRO,46.8,12.1,mid,low,0.478,mid,1,0.005914,no
120GOPRO/GOPR7318.JPG,120GOPRO,GOPR7318.JPG,120GOPRO,120GOPRO,32.5,7.7,low,low,0.133,low,1,0.005076,no
120GOPRO/GOPR7363.JPG,120GOPRO,GOPR7363.JPG,120GOPRO,120GOPRO,9.9,2.9,low,low,0.000,none,0,0.000000,no
120GOPRO/GOPR7373.JPG,120GOPRO,GOPR7373.JPG,120GOPRO,120GOPRO,8.9,2.8,low,low,0.372,mid,1,0.091997,no
120GOPRO/GOPR7551.JPG,120GOPRO,GOPR7551.JPG,120GOPRO,120GOPRO,67.9,101.0,high,mid,0.461,mid,1,0.001740,no
120GOPRO/GOPR7615.JPG,120GOPRO,GOPR7615.JPG,120GOPRO,120GOPRO,54.0,112.4,mid,high,0.636,high,3,0.002798,no
120GOPRO/GOPR7657.JPG,120GOPRO,GOPR7657.JPG,120GOPRO,120GOPRO,49.5,113.4,mid,high,0.000,none,0,0.000000,no
120GOPRO/GOPR7740.JPG,120GOPRO,GOPR7740.JPG,120GOPRO,120GOPRO,68.7,104.8,high,mid,0.000,none,0,0.000000,no
120GOPRO/GOPR7864.JPG,120GOPRO,GOPR7864.JPG,120GOPRO,120GOPRO,43.0,112.9,low,high,0.755,high,3,0.306567,yes
120GOPRO/GOPR7873.JPG,120GOPRO,GOPR7873.JPG,120GOPRO,120GOPRO,70.3,112.4,high,high,0.000,none,0,0.000000,no
120GOPRO/GOPR7877.JPG,120GOPRO,GOPR7877.JPG,120GOPRO,120GOPRO,67.3,113.0,high,high,0.680,high,1,0.187292,yes
120GOPRO/GOPR7879.JPG,120GOPRO,GOPR7879.JPG,120GOPRO,120GOPRO,56.2,112.3,mid,high,0.494,mid,1,0.179065,yes
120GOPRO/GOPR7884.JPG,120GOPRO,GOPR7884.JPG,120GOPRO,120GOPRO,49.8,113.0,mid,high,0.125,low,1,0.260745,yes
120GOPRO/GOPR7891.JPG,120GOPRO,GOPR7891.JPG,120GOPRO,120GOPRO,48.5,100.7,mid,mid,0.795,high,1,0.349370,yes
ALLFISHDATA/Predator camera/DCIM/100GOPRO/GOPR0004.JPG,ALLFISHDATA,Predator camera/DCIM/100GOPRO/GOPR0004.JPG,Predator,ALLFISHDATA/Predator camera/DCIM/100GOPRO,43.7,126.0,low,high,0.000,none,0,0.000000,no
ALLFISHDATA/Predator camera/DCIM/100GOPRO/GOPR8021.JPG,ALLFISHDATA,Predator camera/DCIM/100GOPRO/GOPR8021.JPG,Predator,ALLFISHDATA/Predator camera/DCIM/100GOPRO,134.4,129.4,high,high,0.871,high,2,0.015379,no
ALLFISHDATA/Predator camera/DCIM/100GOPRO/GOPR8066.JPG,ALLFISHDATA,Predator camera/DCIM/100GOPRO/GOPR8066.JPG,Predator,ALLFISHDATA/Predator camera/DCIM/100GOPRO,95.7,118.2,high,high,0.233,low,1,0.003850,no
ALLFISHDATA/Predator camera/DCIM/100GOPRO/GOPR8090.JPG,ALLFISHDATA,Predator camera/DCIM/100GOPRO/GOPR8090.JPG,Predator,ALLFISHDATA/Predator camera/DCIM/100GOPRO,94.1,120.6,high,high,0.000,none,0,0.000000,no
ALLFISHDATA/Predator camera/DCIM/100GOPRO/GOPR8094.JPG,ALLFISHDATA,Predator camera/DCIM/100GOPRO/GOPR8094.JPG,Predator,ALLFISHDATA/Predator camera/DCIM/100GOPRO,53.7,124.1,mid,high,0.000,none,0,0.000000,no
ALLFISHDATA/Predator camera/DCIM/100GOPRO/GOPR8262.JPG,ALLFISHDATA,Predator camera/DCIM/100GOPRO/GOPR8262.JPG,Predator,ALLFISHDATA/Predator camera/DCIM/100GOPRO,49.9,115.8,mid,high,0.760,high,1,0.002019,no
ALLFISHDATA/Predator camera/DCIM/100GOPRO/GOPR8367.JPG,ALLFISHDATA,Predator camera/DCIM/100GOPRO/GOPR8367.JPG,Predator,ALLFISHDATA/Predator camera/DCIM/100GOPRO,85.0,91.8,high,mid,0.439,mid,4,0.003692,no
ALLFISHDATA/Predator camera/DCIM/100GOPRO/GOPR8391.JPG,ALLFISHDATA,Predator camera/DCIM/100GOPRO/GOPR8391.JPG,Predator,ALLFISHDATA/Predator camera/DCIM/100GOPRO,143.6,63.2,high,low,0.773,high,1,0.008225,no
ALLFISHDATA/Predator camera/DCIM/100GOPRO/GOPR8394.JPG,ALLFISHDATA,Predator camera/DCIM/100GOPRO/GOPR8394.JPG,Predator,ALLFISHDATA/Predator camera/DCIM/100GOPRO,141.3,59.3,high,low,0.289,mid,1,0.001917,no
ALLFISHDATA/Predator camera/DCIM/100GOPRO/GOPR8426.JPG,ALLFISHDATA,Predator camera/DCIM/100GOPRO/GOPR8426.JPG,Predator,ALLFISHDATA/Predator camera/DCIM/100GOPRO,148.4,41.2,high,low,0.127,low,1,0.001576,no
ALLFISHDATA/Predator camera/DCIM/100GOPRO/GOPR8539.JPG,ALLFISHDATA,Predator camera/DCIM/100GOPRO/GOPR8539.JPG,Predator,ALLFISHDATA/Predator camera/DCIM/100GOPRO,71.2,14.9,high,low,0.000,none,0,0.000000,no
ALLFISHDATA/Predator camera/DCIM/100GOPRO/GOPR8584.JPG,ALLFISHDATA,Predator camera/DCIM/100GOPRO/GOPR8584.JPG,Predator,ALLFISHDATA/Predator camera/DCIM/100GOPRO,33.0,8.1,low,low,0.222,low,1,0.001450,no
ALLFISHDATA/Predator camera/DCIM/100GOPRO/GOPR8635.JPG,ALLFISHDATA,Predator camera/DCIM/100GOPRO/GOPR8635.JPG,Predator,ALLFISHDATA/Predator camera/DCIM/100GOPRO,11.2,3.7,low,low,0.453,mid,2,0.032765,no
ALLFISHDATA/Predator camera/DCIM/100GOPRO/GOPR8659.JPG,ALLFISHDATA,Predator camera/DCIM/100GOPRO/GOPR8659.JPG,Predator,ALLFISHDATA/Predator camera/DCIM/100GOPRO,7.2,2.8,low,low,0.603,high,2,0.050367,no
ALLFISHDATA/Predator camera/DCIM/100GOPRO/GOPR8825.JPG,ALLFISHDATA,Predator camera/DCIM/100GOPRO/GOPR8825.JPG,Predator,ALLFISHDATA/Predator camera/DCIM/100GOPRO,2.9,0.5,low,low,0.000,none,0,0.000000,no
ALLFISHDATA/Predator camera/DCIM/100GOPRO/GOPR8930.JPG,ALLFISHDATA,Predator camera/DCIM/100GOPRO/GOPR8930.JPG,Predator,ALLFISHDATA/Predator camera/DCIM/100GOPRO,44.8,114.5,low,high,0.636,high,3,0.012918,no
ALLFISHDATA/Predator camera/DCIM/100GOPRO/GOPR8931.JPG,ALLFISHDATA,Predator camera/DCIM/100GOPRO/GOPR8931.JPG,Predator,ALLFISHDATA/Predator camera/DCIM/100GOPRO,43.9,115.2,low,high,0.241,low,2,0.003834,no
ALLFISHDATA/Predator camera/DCIM/100GOPRO/GOPR8936.JPG,ALLFISHDATA,Predator camera/DCIM/100GOPRO/GOPR8936.JPG,Predator,ALLFISHDATA/Predator camera/DCIM/100GOPRO,87.4,116.1,high,high,0.325,mid,2,0.004081,no
ALLFISHDATA/Predator camera/DCIM/100GOPRO/GOPR8991.JPG,ALLFISHDATA,Predator camera/DCIM/100GOPRO/GOPR8991.JPG,Predator,ALLFISHDATA/Predator camera/DCIM/100GOPRO,51.9,126.5,mid,high,0.103,low,1,0.001981,no
ALLFISHDATA/Predator camera/DCIM/100GOPRO/GOPR9000.JPG,ALLFISHDATA,Predator camera/DCIM/100GOPRO/GOPR9000.JPG,Predator,ALLFISHDATA/Predator camera/DCIM/100GOPRO,54.8,126.2,mid,high,0.321,mid,1,0.001537,no
ALLFISHDATA/Predator camera/DCIM/101GOPRO/GOPR9014.JPG,ALLFISHDATA,Predator camera/DCIM/101GOPRO/GOPR9014.JPG,Predator,ALLFISHDATA/Predator camera/DCIM/101GOPRO,44.0,118.0,low,high,0.685,high,2,0.010920,no
ALLFISHDATA/Predator camera/DCIM/101GOPRO/GOPR9058.JPG,ALLFISHDATA,Predator camera/DCIM/101GOPRO/GOPR9058.JPG,Predator,ALLFISHDATA/Predator camera/DCIM/101GOPRO,57.3,118.6,mid,high,0.000,none,0,0.000000,no
ALLFISHDATA/Predator camera/DCIM/101GOPRO/GOPR9072.JPG,ALLFISHDATA,Predator camera/DCIM/101GOPRO/GOPR9072.JPG,Predator,ALLFISHDATA/Predator camera/DCIM/101GOPRO,43.3,120.2,low,high,0.441,mid,1,0.009156,no
ALLFISHDATA/Predator camera/DCIM/101GOPRO/GOPR9083.JPG,ALLFISHDATA,Predator camera/DCIM/101GOPRO/GOPR9083.JPG,Predator,ALLFISHDATA/Predator camera/DCIM/101GOPRO,41.7,119.2,low,high,0.171,low,4,0.010432,no
ALLFISHDATA/Predator camera/DCIM/101GOPRO/GOPR9229.JPG,ALLFISHDATA,Predator camera/DCIM/101GOPRO/GOPR9229.JPG,Predator,ALLFISHDATA/Predator camera/DCIM/101GOPRO,53.0,132.2,mid,high,0.483,mid,1,0.001845,no
ALLFISHDATA/Predator camera/DCIM/101GOPRO/GOPR9232.JPG,ALLFISHDATA,Predator camera/DCIM/101GOPRO/GOPR9232.JPG,Predator,ALLFISHDATA/Predator camera/DCIM/101GOPRO,58.0,130.5,mid,high,0.670,high,1,0.001795,no
ALLFISHDATA/Predator camera/DCIM/101GOPRO/GOPR9284.JPG,ALLFISHDATA,Predator camera/DCIM/101GOPRO/GOPR9284.JPG,Predator,ALLFISHDATA/Predator camera/DCIM/101GOPRO,51.6,129.5,mid,high,0.139,low,2,0.014112,no
ALLFISHDATA/Predator camera/DCIM/101GOPRO/GOPR9314.JPG,ALLFISHDATA,Predator camera/DCIM/101GOPRO/GOPR9314.JPG,Predator,ALLFISHDATA/Predator camera/DCIM/101GOPRO,707.6,120.9,high,high,0.154,low,1,0.092256,no
ALLFISHDATA/Predator camera/DCIM/101GOPRO/GOPR9335.JPG,ALLFISHDATA,Predator camera/DCIM/101GOPRO/GOPR9335.JPG,Predator,ALLFISHDATA/Predator camera/DCIM/101GOPRO,68.8,114.7,high,high,0.731,high,4,0.010499,no
ALLFISHDATA/Predator camera/DCIM/101GOPRO/GOPR9348.JPG,ALLFISHDATA,Predator camera/DCIM/101GOPRO/GOPR9348.JPG,Predator,ALLFISHDATA/Predator camera/DCIM/101GOPRO,67.2,112.6,high,high,0.000,none,0,0.000000,no
ALLFISHDATA/Predator camera/DCIM/101GOPRO/GOPR9349.JPG,ALLFISHDATA,Predator camera/DCIM/101GOPRO/GOPR9349.JPG,Predator,ALLFISHDATA/Predator camera/DCIM/101GOPRO,69.1,112.6,high,high,0.450,mid,2,0.004448,no
ALLFISHDATA/Predator camera/DCIM/101GOPRO/GOPR9423.JPG,ALLFISHDATA,Predator camera/DCIM/101GOPRO/GOPR9423.JPG,Predator,ALLFISHDATA/Predator camera/DCIM/101GOPRO,70.7,62.7,high,low,0.402,mid,1,0.003491,no
ALLFISHDATA/Predator camera/DCIM/101GOPRO/GOPR9425.JPG,ALLFISHDATA,Predator camera/DCIM/101GOPRO/GOPR9425.JPG,Predator,ALLFISHDATA/Predator camera/DCIM/101GOPRO,116.6,61.8,high,low,0.238,low,1,0.003190,no
ALLFISHDATA/Predator camera/DCIM/101GOPRO/GOPR9885.JPG,ALLFISHDATA,Predator camera/DCIM/101GOPRO/GOPR9885.JPG,Predator,ALLFISHDATA/Predator camera/DCIM/101GOPRO,0.3,0.0,low,low,0.000,none,0,0.000000,no
ALLFISHDATA/Predator camera/DCIM/101GOPRO/GOPR9910.JPG,ALLFISHDATA,Predator camera/DCIM/101GOPRO/GOPR9910.JPG,Predator,ALLFISHDATA/Predator camera/DCIM/101GOPRO,8.2,2.4,low,low,0.281,mid,1,0.001231,no
ALLFISHDATA/Predator camera/DCIM/101GOPRO/GOPR9923.JPG,ALLFISHDATA,Predator camera/DCIM/101GOPRO/GOPR9923.JPG,Predator,ALLFISHDATA/Predator camera/DCIM/101GOPRO,146.5,38.5,high,low,0.603,high,1,0.004433,no
ALLFISHDATA/Predator camera/DCIM/101GOPRO/GOPR9925.JPG,ALLFISHDATA,Predator camera/DCIM/101GOPRO/GOPR9925.JPG,Predator,ALLFISHDATA/Predator camera/DCIM/101GOPRO,139.9,51.7,high,low,0.000,none,0,0.000000,no
ALLFISHDATA/Predator camera/DCIM/101GOPRO/GOPR9994.JPG,ALLFISHDATA,Predator camera/DCIM/101GOPRO/GOPR9994.JPG,Predator,ALLFISHDATA/Predator camera/DCIM/101GOPRO,45.5,119.9,low,high,0.000,none,0,0.000000,no
ALLFISHDATA/Predator camera/DCIM/102GOPRO/GOPR0036.JPG,ALLFISHDATA,Predator camera/DCIM/102GOPRO/GOPR0036.JPG,Predator,ALLFISHDATA/Predator camera/DCIM/102GOPRO,42.1,125.2,low,high,0.254,mid,1,0.004031,no
ALLFISHDATA/Predator camera/DCIM/102GOPRO/GOPR0037.JPG,ALLFISHDATA,Predator camera/DCIM/102GOPRO/GOPR0037.JPG,Predator,ALLFISHDATA/Predator camera/DCIM/102GOPRO,42.2,126.3,low,high,0.000,none,0,0.000000,no
ALLFISHDATA/Predator camera/DCIM/102GOPRO/GOPR0109.JPG,ALLFISHDATA,Predator camera/DCIM/102GOPRO/GOPR0109.JPG,Predator,ALLFISHDATA/Predator camera/DCIM/102GOPRO,42.0,120.7,low,high,0.204,low,1,0.009163,no
ALLFISHDATA/Predator camera/DCIM/102GOPRO/GOPR0217.JPG,ALLFISHDATA,Predator camera/DCIM/102GOPRO/GOPR0217.JPG,Predator,ALLFISHDATA/Predator camera/DCIM/102GOPRO,40.7,134.9,low,high,0.591,high,3,0.008700,no
ALLFISHDATA/Predator camera/DCIM/102GOPRO/GOPR0262.JPG,ALLFISHDATA,Predator camera/DCIM/102GOPRO/GOPR0262.JPG,Predator,ALLFISHDATA/Predator camera/DCIM/102GOPRO,59.0,129.2,mid,high,0.623,high,4,0.006804,no
ALLFISHDATA/Predator camera/DCIM/102GOPRO/GOPR0372.JPG,ALLFISHDATA,Predator camera/DCIM/102GOPRO/GOPR0372.JPG,Predator,ALLFISHDATA/Predator camera/DCIM/102GOPRO,53.2,121.6,mid,high,0.000,none,0,0.000000,no
ALLFISHDATA/Predator camera/DCIM/102GOPRO/GOPR0599.JPG,ALLFISHDATA,Predator camera/DCIM/102GOPRO/GOPR0599.JPG,Predator,ALLFISHDATA/Predator camera/DCIM/102GOPRO,83.0,123.8,high,high,0.000,none,0,0.000000,no
ALLFISHDATA/Predator camera/DCIM/102GOPRO/GOPR0669.JPG,ALLFISHDATA,Predator camera/DCIM/102GOPRO/GOPR0669.JPG,Predator,ALLFISHDATA/Predator camera/DCIM/102GOPRO,55.4,120.7,mid,high,0.195,low,3,0.003150,no
ALLFISHDATA/Predator camera/DCIM/102GOPRO/GOPR0733.JPG,ALLFISHDATA,Predator camera/DCIM/102GOPRO/GOPR0733.JPG,Predator,ALLFISHDATA/Predator camera/DCIM/102GOPRO,67.4,115.8,high,high,0.558,high,2,0.003287,no
ALLFISHDATA/Predator camera/DCIM/102GOPRO/GOPR0740.JPG,ALLFISHDATA,Predator camera/DCIM/102GOPRO/GOPR0740.JPG,Predator,ALLFISHDATA/Predator camera/DCIM/102GOPRO,59.9,113.7,mid,high,0.270,mid,2,0.003277,no
ALLFISHDATA/Predator camera/DCIM/102GOPRO/GOPR0742.JPG,ALLFISHDATA,Predator camera/DCIM/102GOPRO/GOPR0742.JPG,Predator,ALLFISHDATA/Predator camera/DCIM/102GOPRO,75.6,114.8,high,high,0.310,mid,3,0.008500,no
ALLFISHDATA/Predator camera/DCIM/102GOPRO/GOPR0809.JPG,ALLFISHDATA,Predator camera/DCIM/102GOPRO/GOPR0809.JPG,Predator,ALLFISHDATA/Predator camera/DCIM/102GOPRO,67.3,110.1,high,high,0.124,low,1,0.001124,no
ALLFISHDATA/Predator camera/DCIM/102GOPRO/GOPR0865.JPG,ALLFISHDATA,Predator camera/DCIM/102GOPRO/GOPR0865.JPG,Predator,ALLFISHDATA/Predator camera/DCIM/102GOPRO,75.9,61.8,high,low,0.257,mid,1,0.003160,no
ALLFISHDATA/Predator camera/DCIM/102GOPRO/GOPR0867.JPG,ALLFISHDATA,Predator camera/DCIM/102GOPRO/GOPR0867.JPG,Predator,ALLFISHDATA/Predator camera/DCIM/102GOPRO,136.7,54.5,high,low,0.000,none,0,0.000000,no
ALLFISHDATA/Predator camera/DCIM/102GOPRO/GOPR0869.JPG,ALLFISHDATA,Predator camera/DCIM/102GOPRO/GOPR0869.JPG,Predator,ALLFISHDATA/Predator camera/DCIM/102GOPRO,153.6,46.9,high,low,0.180,low,1,0.002989,no
ALLFISHDATA/Predator camera/DCIM/102GOPRO/GOPR0875.JPG,ALLFISHDATA,Predator camera/DCIM/102GOPRO/GOPR0875.JPG,Predator,ALLFISHDATA/Predator camera/DCIM/102GOPRO,64.5,18.2,mid,low,0.000,none,0,0.000000,no
ALLFISHDATA/Predator camera/DCIM/102GOPRO/GOPR0886.JPG,ALLFISHDATA,Predator camera/DCIM/102GOPRO/GOPR0886.JPG,Predator,ALLFISHDATA/Predator camera/DCIM/102GOPRO,13.7,3.8,low,low,0.000,none,0,0.000000,no
ALLFISHDATA/Predator camera/DCIM/102GOPRO/GOPR0974.JPG,ALLFISHDATA,Predator camera/DCIM/102GOPRO/GOPR0974.JPG,Predator,ALLFISHDATA/Predator camera/DCIM/102GOPRO,68.0,39.4,high,low,0.625,high,3,0.388800,yes
ALLFISHDATA/Predator camera/DCIM/102GOPRO/GOPR0979.JPG,ALLFISHDATA,Predator camera/DCIM/102GOPRO/GOPR0979.JPG,Predator,ALLFISHDATA/Predator camera/DCIM/102GOPRO,56.7,45.8,mid,low,0.120,low,1,0.018979,no
ALLFISHDATA/Predator camera/DCIM/103GOPRO/GOPR1009.JPG,ALLFISHDATA,Predator camera/DCIM/103GOPRO/GOPR1009.JPG,Predator,ALLFISHDATA/Predator camera/DCIM/103GOPRO,41.1,16.2,low,low,0.000,none,0,0.000000,no
ALLFISHDATA/Predator camera/DCIM/103GOPRO/GOPR1050.JPG,ALLFISHDATA,Predator camera/DCIM/103GOPRO/GOPR1050.JPG,Predator,ALLFISHDATA/Predator camera/DCIM/103GOPRO,47.2,12.0,mid,low,0.000,none,0,0.000000,no
ALLFISHDATA/Predator camera/DCIM/103GOPRO/GOPR1084.JPG,ALLFISHDATA,Predator camera/DCIM/103GOPRO/GOPR1084.JPG,Predator,ALLFISHDATA/Predator camera/DCIM/103GOPRO,65.6,44.5,mid,low,0.424,mid,2,0.444968,yes
ALLFISHDATA/Predator camera/DCIM/103GOPRO/GOPR1093.JPG,ALLFISHDATA,Predator camera/DCIM/103GOPRO/GOPR1093.JPG,Predator,ALLFISHDATA/Predator camera/DCIM/103GOPRO,74.6,53.0,high,low,0.701,high,3,0.444948,yes
ALLFISHDATA/Predator camera/DCIM/103GOPRO/GOPR1108.JPG,ALLFISHDATA,Predator camera/DCIM/103GOPRO/GOPR1108.JPG,Predator,ALLFISHDATA/Predator camera/DCIM/103GOPRO,45.3,67.6,low,low,0.586,high,3,0.434505,yes
ALLFISHDATA/Predator camera/DCIM/103GOPRO/GOPR1424.JPG,ALLFISHDATA,Predator camera/DCIM/103GOPRO/GOPR1424.JPG,Predator,ALLFISHDATA/Predator camera/DCIM/103GOPRO,42.1,112.2,low,high,0.178,low,1,0.000578,no
ALLFISHDATA/Predator camera/DCIM/103GOPRO/GOPR1444.JPG,ALLFISHDATA,Predator camera/DCIM/103GOPRO/GOPR1444.JPG,Predator,ALLFISHDATA/Predator camera/DCIM/103GOPRO,44.0,112.9,low,high,0.000,none,0,0.000000,no
ALLFISHDATA/Predator camera/DCIM/103GOPRO/GOPR1454.JPG,ALLFISHDATA,Predator camera/DCIM/103GOPRO/GOPR1454.JPG,Predator,ALLFISHDATA/Predator camera/DCIM/103GOPRO,72.0,101.2,high,mid,0.875,high,2,0.128217,yes
ALLFISHDATA/Predator camera/DCIM/103GOPRO/GOPR1459.JPG,ALLFISHDATA,Predator camera/DCIM/103GOPRO/GOPR1459.JPG,Predator,ALLFISHDATA/Predator camera/DCIM/103GOPRO,2297.5,131.0,high,high,0.000,none,0,0.000000,no
ALLFISHDATA/Predator camera/DCIM/103GOPRO/GOPR1464.JPG,ALLFISHDATA,Predator camera/DCIM/103GOPRO/GOPR1464.JPG,Predator,ALLFISHDATA/Predator camera/DCIM/103GOPRO,56.7,130.3,mid,high,0.000,none,0,0.000000,no
ALLFISHDATA/Predator camera/DCIM/103GOPRO/GOPR1503.JPG,ALLFISHDATA,Predator camera/DCIM/103GOPRO/GOPR1503.JPG,Predator,ALLFISHDATA/Predator camera/DCIM/103GOPRO,77.2,129.0,high,high,0.101,low,1,0.000499,no
ALLFISHDATA/Predator camera/DCIM/103GOPRO/GOPR1517.JPG,ALLFISHDATA,Predator camera/DCIM/103GOPRO/GOPR1517.JPG,Predator,ALLFISHDATA/Predator camera/DCIM/103GOPRO,63.3,129.4,mid,high,0.214,low,3,0.012432,no
ALLFISHDATA/Predator camera/DCIM/103GOPRO/GOPR1518.JPG,ALLFISHDATA,Predator camera/DCIM/103GOPRO/GOPR1518.JPG,Predator,ALLFISHDATA/Predator camera/DCIM/103GOPRO,51.7,129.8,mid,high,0.458,mid,5,0.022145,no
ALLFISHDATA/Predator camera/DCIM/103GOPRO/GOPR1646.JPG,ALLFISHDATA,Predator camera/DCIM/103GOPRO/GOPR1646.JPG,Predator,ALLFISHDATA/Predator camera/DCIM/103GOPRO,76.0,122.9,high,high,0.570,high,1,0.006750,no
ALLFISHDATA/Predator camera/DCIM/103GOPRO/GOPR1658.JPG,ALLFISHDATA,Predator camera/DCIM/103GOPRO/GOPR1658.JPG,Predator,ALLFISHDATA/Predator camera/DCIM/103GOPRO,55.7,120.5,mid,high,0.634,high,6,0.012399,no
ALLFISHDATA/Predator camera/DCIM/103GOPRO/GOPR1808.JPG,ALLFISHDATA,Predator camera/DCIM/103GOPRO/GOPR1808.JPG,Predator,ALLFISHDATA/Predator camera/DCIM/103GOPRO,70.7,115.0,high,high,0.485,mid,2,0.005670,no
ALLFISHDATA/Predator camera/DCIM/103GOPRO/GOPR1876.JPG,ALLFISHDATA,Predator camera/DCIM/103GOPRO/GOPR1876.JPG,Predator,ALLFISHDATA/Predator camera/DCIM/103GOPRO,111.8,64.1,high,low,0.155,low,1,0.000581,no
ALLFISHDATA/Predator camera/DCIM/103GOPRO/GOPR1882.JPG,ALLFISHDATA,Predator camera/DCIM/103GOPRO/GOPR1882.JPG,Predator,ALLFISHDATA/Predator camera/DCIM/103GOPRO,167.7,55.3,high,low,0.000,none,0,0.000000,no
ALLFISHDATA/Predator camera/DCIM/103GOPRO/GOPR1908.JPG,ALLFISHDATA,Predator camera/DCIM/103GOPRO/GOPR1908.JPG,Predator,ALLFISHDATA/Predator camera/DCIM/103GOPRO,121.5,23.5,high,low,0.334,mid,1,0.003742,no
ALLFISHDATA/Predator camera/DCIM/103GOPRO/GOPR1916.JPG,ALLFISHDATA,Predator camera/DCIM/103GOPRO/GOPR1916.JPG,Predator,ALLFISHDATA/Predator camera/DCIM/103GOPRO,34.4,9.0,low,low,0.363,mid,1,0.000946,no
ALLFISHDATA/Predator camera/DCIM/104GOPRO/GOPR2203.JPG,ALLFISHDATA,Predator camera/DCIM/104GOPRO/GOPR2203.JPG,Predator,ALLFISHDATA/Predator camera/DCIM/104GOPRO,7.7,4.6,low,low,0.000,none,0,0.000000,no
ALLFISHDATA/Predator camera/DCIM/104GOPRO/GOPR2414.JPG,ALLFISHDATA,Predator camera/DCIM/104GOPRO/GOPR2414.JPG,Predator,ALLFISHDATA/Predator camera/DCIM/104GOPRO,130.0,22.2,high,low,0.119,low,1,0.002421,no
ALLFISHDATA/Predator camera/DCIM/104GOPRO/GOPR2416.JPG,ALLFISHDATA,Predator camera/DCIM/104GOPRO/GOPR2416.JPG,Predator,ALLFISHDATA/Predator camera/DCIM/104GOPRO,145.6,32.6,high,low,0.000,none,0,0.000000,no
ALLFISHDATA/Predator camera/DCIM/104GOPRO/GOPR2418.JPG,ALLFISHDATA,Predator camera/DCIM/104GOPRO/GOPR2418.JPG,Predator,ALLFISHDATA/Predator camera/DCIM/104GOPRO,140.9,45.6,high,low,0.336,mid,1,0.000243,no
ALLFISHDATA/Predator camera/DCIM/104GOPRO/GOPR2429.JPG,ALLFISHDATA,Predator camera/DCIM/104GOPRO/GOPR2429.JPG,Predator,ALLFISHDATA/Predator camera/DCIM/104GOPRO,91.0,85.0,high,mid,0.000,none,0,0.000000,no
ALLFISHDATA/Predator camera/DCIM/104GOPRO/GOPR2460.JPG,ALLFISHDATA,Predator camera/DCIM/104GOPRO/GOPR2460.JPG,Predator,ALLFISHDATA/Predator camera/DCIM/104GOPRO,72.9,109.3,high,mid,0.569,high,2,0.046289,no
ALLFISHDATA/Predator camera/DCIM/104GOPRO/GOPR2513.JPG,ALLFISHDATA,Predator camera/DCIM/104GOPRO/GOPR2513.JPG,Predator,ALLFISHDATA/Predator camera/DCIM/104GOPRO,43.0,118.2,low,high,0.000,none,0,0.000000,no
ALLFISHDATA/Predator camera/DCIM/104GOPRO/GOPR2568.JPG,ALLFISHDATA,Predator camera/DCIM/104GOPRO/GOPR2568.JPG,Predator,ALLFISHDATA/Predator camera/DCIM/104GOPRO,50.4,121.2,mid,high,0.345,mid,1,0.011151,no
ALLFISHDATA/Predator camera/DCIM/104GOPRO/GOPR2573.JPG,ALLFISHDATA,Predator camera/DCIM/104GOPRO/GOPR2573.JPG,Predator,ALLFISHDATA/Predator camera/DCIM/104GOPRO,57.3,121.5,mid,high,0.687,high,1,0.013019,no
ALLFISHDATA/Predator camera/DCIM/104GOPRO/GOPR2596.JPG,ALLFISHDATA,Predator camera/DCIM/104GOPRO/GOPR2596.JPG,Predator,ALLFISHDATA/Predator camera/DCIM/104GOPRO,84.9,112.7,high,high,0.250,mid,1,0.004252,no
ALLFISHDATA/Predator camera/DCIM/104GOPRO/GOPR2655.JPG,ALLFISHDATA,Predator camera/DCIM/104GOPRO/GOPR2655.JPG,Predator,ALLFISHDATA/Predator camera/DCIM/104GOPRO,58.9,123.7,mid,high,0.000,none,0,0.000000,no
ALLFISHDATA/Predator camera/DCIM/104GOPRO/GOPR2661.JPG,ALLFISHDATA,Predator camera/DCIM/104GOPRO/GOPR2661.JPG,Predator,ALLFISHDATA/Predator camera/DCIM/104GOPRO,58.4,124.0,mid,high,0.215,low,2,0.005406,no
ALLFISHDATA/Predator camera/DCIM/104GOPRO/GOPR2672.JPG,ALLFISHDATA,Predator camera/DCIM/104GOPRO/GOPR2672.JPG,Predator,ALLFISHDATA/Predator camera/DCIM/104GOPRO,44.2,126.2,low,high,0.122,low,1,0.002487,no
ALLFISHDATA/Predator camera/DCIM/104GOPRO/GOPR2673.JPG,ALLFISHDATA,Predator camera/DCIM/104GOPRO/GOPR2673.JPG,Predator,ALLFISHDATA/Predator camera/DCIM/104GOPRO,46.2,126.0,low,high,0.454,mid,3,0.014337,no
ALLFISHDATA/Predator camera/DCIM/104GOPRO/GOPR2691.JPG,ALLFISHDATA,Predator camera/DCIM/104GOPRO/GOPR2691.JPG,Predator,ALLFISHDATA/Predator camera/DCIM/104GOPRO,45.4,122.9,low,high,0.880,high,1,0.010656,no
ALLFISHDATA/Predator camera/DCIM/104GOPRO/GOPR2757.JPG,ALLFISHDATA,Predator camera/DCIM/104GOPRO/GOPR2757.JPG,Predator,ALLFISHDATA/Predator camera/DCIM/104GOPRO,134.3,124.0,high,high,0.582,high,1,0.006438,no
ALLFISHDATA/Predator camera/DCIM/104GOPRO/GOPR2800.JPG,ALLFISHDATA,Predator camera/DCIM/104GOPRO/GOPR2800.JPG,Predator,ALLFISHDATA/Predator camera/DCIM/104GOPRO,130.0,119.1,high,high,0.000,none,0,0.000000,no
ALLFISHDATA/Predator camera/DCIM/104GOPRO/GOPR2871.JPG,ALLFISHDATA,Predator camera/DCIM/104GOPRO/GOPR2871.JPG,Predator,ALLFISHDATA/Predator camera/DCIM/104GOPRO,97.5,130.1,high,high,0.111,low,1,0.008968,no
ALLFISHDATA/Predator camera/DCIM/105GOPRO/GOPR3223.JPG,ALLFISHDATA,Predator camera/DCIM/105GOPRO/GOPR3223.JPG,Predator,ALLFISHDATA/Predator camera/DCIM/105GOPRO,77.2,116.3,high,high,0.190,low,1,0.003541,no
ALLFISHDATA/Predator camera/DCIM/105GOPRO/GOPR3254.JPG,ALLFISHDATA,Predator camera/DCIM/105GOPRO/GOPR3254.JPG,Predator,ALLFISHDATA/Predator camera/DCIM/105GOPRO,107.4,113.8,high,high,0.000,none,0,0.000000,no
ALLFISHDATA/Predator camera/DCIM/105GOPRO/GOPR3282.JPG,ALLFISHDATA,Predator camera/DCIM/105GOPRO/GOPR3282.JPG,Predator,ALLFISHDATA/Predator camera/DCIM/105GOPRO,85.6,110.3,high,high,0.000,none,0,0.000000,no
ALLFISHDATA/Predator camera/DCIM/105GOPRO/GOPR3287.JPG,ALLFISHDATA,Predator camera/DCIM/105GOPRO/GOPR3287.JPG,Predator,ALLFISHDATA/Predator camera/DCIM/105GOPRO,85.4,107.1,high,mid,0.224,low,1,0.002984,no
ALLFISHDATA/Predator camera/DCIM/105GOPRO/GOPR3319.JPG,ALLFISHDATA,Predator camera/DCIM/105GOPRO/GOPR3319.JPG,Predator,ALLFISHDATA/Predator camera/DCIM/105GOPRO,84.6,97.4,high,mid,0.000,none,0,0.000000,no
ALLFISHDATA/Predator camera/DCIM/105GOPRO/GOPR3347.JPG,ALLFISHDATA,Predator camera/DCIM/105GOPRO/GOPR3347.JPG,Predator,ALLFISHDATA/Predator camera/DCIM/105GOPRO,107.5,65.0,high,low,0.000,none,0,0.000000,no
ALLFISHDATA/Predator camera/DCIM/105GOPRO/GOPR3351.JPG,ALLFISHDATA,Predator camera/DCIM/105GOPRO/GOPR3351.JPG,Predator,ALLFISHDATA/Predator camera/DCIM/105GOPRO,172.0,57.3,high,low,0.281,mid,1,0.000784,no
ALLFISHDATA/Predator camera/DCIM/105GOPRO/GOPR3361.JPG,ALLFISHDATA,Predator camera/DCIM/105GOPRO/GOPR3361.JPG,Predator,ALLFISHDATA/Predator camera/DCIM/105GOPRO,58.2,14.6,mid,low,0.000,none,0,0.000000,no
ALLFISHDATA/Predator camera/DCIM/105GOPRO/GOPR3366.JPG,ALLFISHDATA,Predator camera/DCIM/105GOPRO/GOPR3366.JPG,Predator,ALLFISHDATA/Predator camera/DCIM/105GOPRO,19.4,6.7,low,low,0.187,low,1,0.023970,no
ALLFISHDATA/Predator camera/DCIM/105GOPRO/GOPR3367.JPG,ALLFISHDATA,Predator camera/DCIM/105GOPRO/GOPR3367.JPG,Predator,ALLFISHDATA/Predator camera/DCIM/105GOPRO,17.8,6.2,low,low,0.304,mid,1,0.023081,no
ALLFISHDATA/Predator camera/DCIM/105GOPRO/GOPR3614.JPG,ALLFISHDATA,Predator camera/DCIM/105GOPRO/GOPR3614.JPG,Predator,ALLFISHDATA/Predator camera/DCIM/105GOPRO,0.2,0.0,low,low,0.000,none,0,0.000000,no
ALLFISHDATA/Predator camera/DCIM/105GOPRO/GOPR3857.JPG,ALLFISHDATA,Predator camera/DCIM/105GOPRO/GOPR3857.JPG,Predator,ALLFISHDATA/Predator camera/DCIM/105GOPRO,144.5,43.1,high,low,0.234,low,1,0.000527,no
ALLFISHDATA/Predator camera/DCIM/105GOPRO/GOPR3859.JPG,ALLFISHDATA,Predator camera/DCIM/105GOPRO/GOPR3859.JPG,Predator,ALLFISHDATA/Predator camera/DCIM/105GOPRO,174.2,56.6,high,low,0.612,high,1,0.000582,no
ALLFISHDATA/Predator camera/DCIM/105GOPRO/GOPR3860.JPG,ALLFISHDATA,Predator camera/DCIM/105GOPRO/GOPR3860.JPG,Predator,ALLFISHDATA/Predator camera/DCIM/105GOPRO,161.4,61.4,high,low,0.644,high,1,0.000563,no
ALLFISHDATA/Predator camera/DCIM/105GOPRO/GOPR3891.JPG,ALLFISHDATA,Predator camera/DCIM/105GOPRO/GOPR3891.JPG,Predator,ALLFISHDATA/Predator camera/DCIM/105GOPRO,103.4,99.8,high,mid,0.567,high,2,0.000750,no
ALLFISHDATA/Predator camera/DCIM/105GOPRO/GOPR3900.JPG,ALLFISHDATA,Predator camera/DCIM/105GOPRO/GOPR3900.JPG,Predator,ALLFISHDATA/Predator camera/DCIM/105GOPRO,148.3,108.9,high,mid,0.341,mid,4,0.002657,no
ALLFISHDATA/Predator camera/DCIM/105GOPRO/GOPR3907.JPG,ALLFISHDATA,Predator camera/DCIM/105GOPRO/GOPR3907.JPG,Predator,ALLFISHDATA/Predator camera/DCIM/105GOPRO,130.7,111.1,high,high,0.643,high,3,0.001827,no
ALLFISHDATA/Predator camera/DCIM/105GOPRO/GOPR3966.JPG,ALLFISHDATA,Predator camera/DCIM/105GOPRO/GOPR3966.JPG,Predator,ALLFISHDATA/Predator camera/DCIM/105GOPRO,158.3,117.6,high,high,0.370,mid,2,0.003893,no
ALLFISHDATA/Predator camera/DCIM/105GOPRO/GOPR3992.JPG,ALLFISHDATA,Predator camera/DCIM/105GOPRO/GOPR3992.JPG,Predator,ALLFISHDATA/Predator camera/DCIM/105GOPRO,167.4,119.0,high,high,0.768,high,3,0.002991,no
ALLFISHDATA/Predator camera/DCIM/106GOPRO/GOPR4133.JPG,ALLFISHDATA,Predator camera/DCIM/106GOPRO/GOPR4133.JPG,Predator,ALLFISHDATA/Predator camera/DCIM/106GOPRO,134.6,130.4,high,high,0.407,mid,4,0.005696,no
ALLFISHDATA/Predator camera/DCIM/106GOPRO/GOPR4170.JPG,ALLFISHDATA,Predator camera/DCIM/106GOPRO/GOPR4170.JPG,Predator,ALLFISHDATA/Predator camera/DCIM/106GOPRO,160.4,124.4,high,high,0.133,low,1,0.001046,no
ALLFISHDATA/Predator camera/DCIM/106GOPRO/GOPR4177.JPG,ALLFISHDATA,Predator camera/DCIM/106GOPRO/GOPR4177.JPG,Predator,ALLFISHDATA/Predator camera/DCIM/106GOPRO,164.8,125.1,high,high,0.488,mid,2,0.003071,no
ALLFISHDATA/Predator camera/DCIM/106GOPRO/GOPR4204.JPG,ALLFISHDATA,Predator camera/DCIM/106GOPRO/GOPR4204.JPG,Predator,ALLFISHDATA/Predator camera/DCIM/106GOPRO,160.2,125.1,high,high,0.131,low,1,0.001989,no
ALLFISHDATA/Predator camera/DCIM/106GOPRO/GOPR4206.JPG,ALLFISHDATA,Predator camera/DCIM/106GOPRO/GOPR4206.JPG,Predator,ALLFISHDATA/Predator camera/DCIM/106GOPRO,139.5,124.2,high,high,0.114,low,1,0.002805,no
ALLFISHDATA/Predator camera/DCIM/106GOPRO/GOPR4215.JPG,ALLFISHDATA,Predator camera/DCIM/106GOPRO/GOPR4215.JPG,Predator,ALLFISHDATA/Predator camera/DCIM/106GOPRO,138.7,122.9,high,high,0.613,high,1,0.002816,no
ALLFISHDATA/Predator camera/DCIM/106GOPRO/GOPR4217.JPG,ALLFISHDATA,Predator camera/DCIM/106GOPRO/GOPR4217.JPG,Predator,ALLFISHDATA/Predator camera/DCIM/106GOPRO,168.4,120.0,high,high,0.000,none,0,0.000000,no
ALLFISHDATA/Predator camera/DCIM/106GOPRO/GOPR4218.JPG,ALLFISHDATA,Predator camera/DCIM/106GOPRO/GOPR4218.JPG,Predator,ALLFISHDATA/Predator camera/DCIM/106GOPRO,130.2,118.4,high,high,0.000,none,0,0.000000,no
ALLFISHDATA/Predator camera/DCIM/106GOPRO/GOPR4346.JPG,ALLFISHDATA,Predator camera/DCIM/106GOPRO/GOPR4346.JPG,Predator,ALLFISHDATA/Predator camera/DCIM/106GOPRO,184.9,123.7,high,high,0.197,low,2,0.002856,no
ALLFISHDATA/Predator camera/DCIM/106GOPRO/GOPR4352.JPG,ALLFISHDATA,Predator camera/DCIM/106GOPRO/GOPR4352.JPG,Predator,ALLFISHDATA/Predator camera/DCIM/106GOPRO,193.5,128.1,high,high,0.000,none,0,0.000000,no
ALLFISHDATA/Predator camera/DCIM/106GOPRO/GOPR4358.JPG,ALLFISHDATA,Predator camera/DCIM/106GOPRO/GOPR4358.JPG,Predator,ALLFISHDATA/Predator camera/DCIM/106GOPRO,269.7,129.5,high,high,0.000,none,0,0.000000,no
ALLFISHDATA/Predator camera/DCIM/106GOPRO/GOPR4370.JPG,ALLFISHDATA,Predator camera/DCIM/106GOPRO/GOPR4370.JPG,Predator,ALLFISHDATA/Predator camera/DCIM/106GOPRO,90.9,134.1,high,high,0.608,high,4,0.004777,no
ALLFISHDATA/Predator camera/DCIM/106GOPRO/GOPR4371.JPG,ALLFISHDATA,Predator camera/DCIM/106GOPRO/GOPR4371.JPG,Predator,ALLFISHDATA/Predator camera/DCIM/106GOPRO,97.2,132.7,high,high,0.000,none,0,0.000000,no
ALLFISHDATA/Predator camera/DCIM/106GOPRO/GOPR4377.JPG,ALLFISHDATA,Predator camera/DCIM/106GOPRO/GOPR4377.JPG,Predator,ALLFISHDATA/Predator camera/DCIM/106GOPRO,183.3,127.1,high,high,0.329,mid,3,0.006230,no
ALLFISHDATA/Predator camera/DCIM/106GOPRO/GOPR4410.JPG,ALLFISHDATA,Predator camera/DCIM/106GOPRO/GOPR4410.JPG,Predator,ALLFISHDATA/Predator camera/DCIM/106GOPRO,223.3,124.1,high,high,0.840,high,1,0.005940,no
ALLFISHDATA/Predator camera/DCIM/106GOPRO/GOPR4443.JPG,ALLFISHDATA,Predator camera/DCIM/106GOPRO/GOPR4443.JPG,Predator,ALLFISHDATA/Predator camera/DCIM/106GOPRO,254.3,119.4,high,high,0.000,none,0,0.000000,no
ALLFISHDATA/Predator camera/DCIM/106GOPRO/GOPR4450.JPG,ALLFISHDATA,Predator camera/DCIM/106GOPRO/GOPR4450.JPG,Predator,ALLFISHDATA/Predator camera/DCIM/106GOPRO,228.1,122.0,high,high,0.406,mid,2,0.006787,no
ALLFISHDATA/Predator camera/DCIM/106GOPRO/GOPR4461.JPG,ALLFISHDATA,Predator camera/DCIM/106GOPRO/GOPR4461.JPG,Predator,ALLFISHDATA/Predator camera/DCIM/106GOPRO,2537.4,85.5,high,mid,0.840,high,4,0.372305,yes
ALLFISHDATA/Predator camera/DCIM/106GOPRO/GOPR4512.JPG,ALLFISHDATA,Predator camera/DCIM/106GOPRO/GOPR4512.JPG,Predator,ALLFISHDATA/Predator camera/DCIM/106GOPRO,1271.8,104.9,high,mid,0.233,low,2,0.326227,yes
ALLFISHDATA/Primary camera/DCIM/100GOPRO/GOPR0170.JPG,ALLFISHDATA,Primary camera/DCIM/100GOPRO/GOPR0170.JPG,Primary,ALLFISHDATA/Primary camera/DCIM/100GOPRO,38.2,120.8,low,high,0.753,high,3,0.418958,yes
ALLFISHDATA/Primary camera/DCIM/100GOPRO/GOPR0176.JPG,ALLFISHDATA,Primary camera/DCIM/100GOPRO/GOPR0176.JPG,Primary,ALLFISHDATA/Primary camera/DCIM/100GOPRO,168.5,114.6,high,high,0.693,high,2,0.228825,yes
ALLFISHDATA/Primary camera/DCIM/100GOPRO/GOPR0230.JPG,ALLFISHDATA,Primary camera/DCIM/100GOPRO/GOPR0230.JPG,Primary,ALLFISHDATA/Primary camera/DCIM/100GOPRO,74.0,132.2,high,high,0.250,mid,1,0.006117,no
ALLFISHDATA/Primary camera/DCIM/100GOPRO/GOPR0294.JPG,ALLFISHDATA,Primary camera/DCIM/100GOPRO/GOPR0294.JPG,Primary,ALLFISHDATA/Primary camera/DCIM/100GOPRO,65.9,131.7,mid,high,0.000,none,0,0.000000,no
ALLFISHDATA/Primary camera/DCIM/100GOPRO/GOPR0372.JPG,ALLFISHDATA,Primary camera/DCIM/100GOPRO/GOPR0372.JPG,Primary,ALLFISHDATA/Primary camera/DCIM/100GOPRO,95.4,128.4,high,high,0.000,none,0,0.000000,no
ALLFISHDATA/Primary camera/DCIM/100GOPRO/GOPR0640.JPG,ALLFISHDATA,Primary camera/DCIM/100GOPRO/GOPR0640.JPG,Primary,ALLFISHDATA/Primary camera/DCIM/100GOPRO,104.1,83.4,high,mid,0.000,none,0,0.000000,no
ALLFISHDATA/Primary camera/DCIM/100GOPRO/GOPR0683.JPG,ALLFISHDATA,Primary camera/DCIM/100GOPRO/GOPR0683.JPG,Primary,ALLFISHDATA/Primary camera/DCIM/100GOPRO,102.8,68.3,high,low,0.000,none,0,0.000000,no
ALLFISHDATA/Primary camera/DCIM/100GOPRO/GOPR0799.JPG,ALLFISHDATA,Primary camera/DCIM/100GOPRO/GOPR0799.JPG,Primary,ALLFISHDATA/Primary camera/DCIM/100GOPRO,95.3,76.0,high,mid,0.791,high,2,0.228141,yes
ALLFISHDATA/Primary camera/DCIM/100GOPRO/GOPR0832.JPG,ALLFISHDATA,Primary camera/DCIM/100GOPRO/GOPR0832.JPG,Primary,ALLFISHDATA/Primary camera/DCIM/100GOPRO,45.3,103.6,low,mid,0.275,mid,2,0.001139,no
ALLFISHDATA/Primary camera/DCIM/100GOPRO/GOPR0839.JPG,ALLFISHDATA,Primary camera/DCIM/100GOPRO/GOPR0839.JPG,Primary,ALLFISHDATA/Primary camera/DCIM/100GOPRO,38.5,107.5,low,mid,0.214,low,1,0.002157,no
ALLFISHDATA/Primary camera/DCIM/100GOPRO/GOPR0861.JPG,ALLFISHDATA,Primary camera/DCIM/100GOPRO/GOPR0861.JPG,Primary,ALLFISHDATA/Primary camera/DCIM/100GOPRO,48.8,109.9,mid,high,0.118,low,1,0.003790,no
ALLFISHDATA/Primary camera/DCIM/100GOPRO/GOPR0897.JPG,ALLFISHDATA,Primary camera/DCIM/100GOPRO/GOPR0897.JPG,Primary,ALLFISHDATA/Primary camera/DCIM/100GOPRO,44.4,119.6,low,high,0.000,none,0,0.000000,no
ALLFISHDATA/Primary camera/DCIM/100GOPRO/GOPR0909.JPG,ALLFISHDATA,Primary camera/DCIM/100GOPRO/GOPR0909.JPG,Primary,ALLFISHDATA/Primary camera/DCIM/100GOPRO,53.7,108.0,mid,mid,0.000,none,0,0.000000,no
ALLFISHDATA/Primary camera/DCIM/100GOPRO/GOPR0914.JPG,ALLFISHDATA,Primary camera/DCIM/100GOPRO/GOPR0914.JPG,Primary,ALLFISHDATA/Primary camera/DCIM/100GOPRO,3229.0,68.4,high,low,0.127,low,2,0.187110,yes
ALLFISHDATA/Primary camera/DCIM/100GOPRO/GOPR1006.JPG,ALLFISHDATA,Primary camera/DCIM/100GOPRO/GOPR1006.JPG,Primary,ALLFISHDATA/Primary camera/DCIM/100GOPRO,62.6,116.4,mid,high,0.580,high,1,0.004333,no
ALLFISHDATA/Primary camera/DCIM/100GOPRO/GOPR1028.JPG,ALLFISHDATA,Primary camera/DCIM/100GOPRO/GOPR1028.JPG,Primary,ALLFISHDATA/Primary camera/DCIM/100GOPRO,70.4,115.0,high,high,0.127,low,1,0.004380,no
ALLFISHDATA/Primary camera/DCIM/100GOPRO/GOPR1135.JPG,ALLFISHDATA,Primary camera/DCIM/100GOPRO/GOPR1135.JPG,Primary,ALLFISHDATA/Primary camera/DCIM/100GOPRO,69.3,106.8,high,mid,0.269,mid,2,0.109976,yes
ALLFISHDATA/Primary camera/DCIM/100GOPRO/GOPR1143.JPG,ALLFISHDATA,Primary camera/DCIM/100GOPRO/GOPR1143.JPG,Primary,ALLFISHDATA/Primary camera/DCIM/100GOPRO,67.3,107.3,high,mid,0.157,low,1,0.120810,yes
ALLFISHDATA/Primary camera/DCIM/100GOPRO/GOPR1153.JPG,ALLFISHDATA,Primary camera/DCIM/100GOPRO/GOPR1153.JPG,Primary,ALLFISHDATA/Primary camera/DCIM/100GOPRO,45.6,112.2,low,high,0.409,mid,4,0.192003,yes
ALLFISHDATA/Primary camera/DCIM/100GOPRO/GOPR1162.JPG,ALLFISHDATA,Primary camera/DCIM/100GOPRO/GOPR1162.JPG,Primary,ALLFISHDATA/Primary camera/DCIM/100GOPRO,51.0,110.1,mid,high,0.459,mid,3,0.202445,yes
ALLFISHDATA/Primary camera/DCIM/101GOPRO/GOPR1234.JPG,ALLFISHDATA,Primary camera/DCIM/101GOPRO/GOPR1234.JPG,Primary,ALLFISHDATA/Primary camera/DCIM/101GOPRO,123.7,59.2,high,low,0.549,high,2,0.372781,yes
ALLFISHDATA/Primary camera/DCIM/101GOPRO/GOPR1280.JPG,ALLFISHDATA,Primary camera/DCIM/101GOPRO/GOPR1280.JPG,Primary,ALLFISHDATA/Primary camera/DCIM/101GOPRO,7.5,2.0,low,low,0.209,low,1,0.143698,yes
ALLFISHDATA/Primary camera/DCIM/101GOPRO/GOPR1287.JPG,ALLFISHDATA,Primary camera/DCIM/101GOPRO/GOPR1287.JPG,Primary,ALLFISHDATA/Primary camera/DCIM/101GOPRO,7.5,1.9,low,low,0.260,mid,1,0.139544,yes
ALLFISHDATA/Primary camera/DCIM/101GOPRO/GOPR1339.JPG,ALLFISHDATA,Primary camera/DCIM/101GOPRO/GOPR1339.JPG,Primary,ALLFISHDATA/Primary camera/DCIM/101GOPRO,7.5,2.2,low,low,0.699,high,1,0.143822,yes
ALLFISHDATA/Primary camera/DCIM/101GOPRO/GOPR1446.JPG,ALLFISHDATA,Primary camera/DCIM/101GOPRO/GOPR1446.JPG,Primary,ALLFISHDATA/Primary camera/DCIM/101GOPRO,5.8,1.7,low,low,0.000,none,0,0.000000,no
ALLFISHDATA/Primary camera/DCIM/101GOPRO/GOPR1569.JPG,ALLFISHDATA,Primary camera/DCIM/101GOPRO/GOPR1569.JPG,Primary,ALLFISHDATA/Primary camera/DCIM/101GOPRO,51.4,112.6,mid,high,0.000,none,0,0.000000,no
ALLFISHDATA/Primary camera/DCIM/101GOPRO/GOPR1605.JPG,ALLFISHDATA,Primary camera/DCIM/101GOPRO/GOPR1605.JPG,Primary,ALLFISHDATA/Primary camera/DCIM/101GOPRO,52.1,118.3,mid,high,0.487,mid,3,0.018325,no
ALLFISHDATA/Primary camera/DCIM/101GOPRO/GOPR1699.JPG,ALLFISHDATA,Primary camera/DCIM/101GOPRO/GOPR1699.JPG,Primary,ALLFISHDATA/Primary camera/DCIM/101GOPRO,45.4,109.7,low,high,0.000,none,0,0.000000,no
ALLFISHDATA/Primary camera/DCIM/101GOPRO/GOPR1783.JPG,ALLFISHDATA,Primary camera/DCIM/101GOPRO/GOPR1783.JPG,Primary,ALLFISHDATA/Primary camera/DCIM/101GOPRO,76.5,115.2,high,high,0.921,high,2,0.265946,yes
ALLFISHDATA/Primary camera/DCIM/101GOPRO/GOPR1801.JPG,ALLFISHDATA,Primary camera/DCIM/101GOPRO/GOPR1801.JPG,Primary,ALLFISHDATA/Primary camera/DCIM/101GOPRO,53.7,114.1,mid,high,0.190,low,1,0.022507,no
ALLFISHDATA/Primary camera/DCIM/101GOPRO/GOPR1802.JPG,ALLFISHDATA,Primary camera/DCIM/101GOPRO/GOPR1802.JPG,Primary,ALLFISHDATA/Primary camera/DCIM/101GOPRO,66.2,114.5,high,high,0.374,mid,1,0.003275,no
ALLFISHDATA/Primary camera/DCIM/101GOPRO/GOPR1803.JPG,ALLFISHDATA,Primary camera/DCIM/101GOPRO/GOPR1803.JPG,Primary,ALLFISHDATA/Primary camera/DCIM/101GOPRO,74.3,120.1,high,high,0.185,low,1,0.003163,no
ALLFISHDATA/Primary camera/DCIM/101GOPRO/GOPR1806.JPG,ALLFISHDATA,Primary camera/DCIM/101GOPRO/GOPR1806.JPG,Primary,ALLFISHDATA/Primary camera/DCIM/101GOPRO,62.1,121.4,mid,high,0.528,high,1,0.003173,no
ALLFISHDATA/Primary camera/DCIM/101GOPRO/GOPR1830.JPG,ALLFISHDATA,Primary camera/DCIM/101GOPRO/GOPR1830.JPG,Primary,ALLFISHDATA/Primary camera/DCIM/101GOPRO,77.4,103.5,high,mid,0.000,none,0,0.000000,no
ALLFISHDATA/Primary camera/DCIM/101GOPRO/GOPR2028.JPG,ALLFISHDATA,Primary camera/DCIM/101GOPRO/GOPR2028.JPG,Primary,ALLFISHDATA/Primary camera/DCIM/101GOPRO,45.8,71.3,low,mid,0.000,none,0,0.000000,no
ALLFISHDATA/Primary camera/DCIM/101GOPRO/GOPR2035.JPG,ALLFISHDATA,Primary camera/DCIM/101GOPRO/GOPR2035.JPG,Primary,ALLFISHDATA/Primary camera/DCIM/101GOPRO,72.2,65.9,high,low,0.167,low,1,0.382071,yes
ALLFISHDATA/Primary camera/DCIM/101GOPRO/GOPR2043.JPG,ALLFISHDATA,Primary camera/DCIM/101GOPRO/GOPR2043.JPG,Primary,ALLFISHDATA/Primary camera/DCIM/101GOPRO,80.3,54.9,high,low,0.422,mid,1,0.364431,yes
ALLFISHDATA/Primary camera/DCIM/101GOPRO/GOPR2051.JPG,ALLFISHDATA,Primary camera/DCIM/101GOPRO/GOPR2051.JPG,Primary,ALLFISHDATA/Primary camera/DCIM/101GOPRO,79.0,21.3,high,low,0.000,none,0,0.000000,no
ALLFISHDATA/Primary camera/DCIM/101GOPRO/GOPR2052.JPG,ALLFISHDATA,Primary camera/DCIM/101GOPRO/GOPR2052.JPG,Primary,ALLFISHDATA/Primary camera/DCIM/101GOPRO,63.6,16.7,mid,low,0.484,mid,3,0.287549,yes
ALLFISHDATA/Primary camera/DCIM/102GOPRO/GOPR2332.JPG,ALLFISHDATA,Primary camera/DCIM/102GOPRO/GOPR2332.JPG,Primary,ALLFISHDATA/Primary camera/DCIM/102GOPRO,70.3,66.7,high,low,0.777,high,7,0.453211,yes
ALLFISHDATA/Primary camera/DCIM/102GOPRO/GOPR2344.JPG,ALLFISHDATA,Primary camera/DCIM/102GOPRO/GOPR2344.JPG,Primary,ALLFISHDATA/Primary camera/DCIM/102GOPRO,134.7,37.4,high,low,0.467,mid,4,0.390983,yes
ALLFISHDATA/Primary camera/DCIM/102GOPRO/GOPR2350.JPG,ALLFISHDATA,Primary camera/DCIM/102GOPRO/GOPR2350.JPG,Primary,ALLFISHDATA/Primary camera/DCIM/102GOPRO,60.4,12.0,mid,low,0.939,high,2,0.230250,yes
ALLFISHDATA/Primary camera/DCIM/102GOPRO/GOPR2471.JPG,ALLFISHDATA,Primary camera/DCIM/102GOPRO/GOPR2471.JPG,Primary,ALLFISHDATA/Primary camera/DCIM/102GOPRO,1.1,0.1,low,low,0.000,none,0,0.000000,no
ALLFISHDATA/Primary camera/DCIM/102GOPRO/GOPR2694.JPG,ALLFISHDATA,Primary camera/DCIM/102GOPRO/GOPR2694.JPG,Primary,ALLFISHDATA/Primary camera/DCIM/102GOPRO,0.9,0.1,low,low,0.000,none,0,0.000000,no
ALLFISHDATA/Primary camera/DCIM/102GOPRO/GOPR2820.JPG,ALLFISHDATA,Primary camera/DCIM/102GOPRO/GOPR2820.JPG,Primary,ALLFISHDATA/Primary camera/DCIM/102GOPRO,4.2,1.2,low,low,0.695,high,1,0.226249,yes
ALLFISHDATA/Primary camera/DCIM/102GOPRO/GOPR2837.JPG,ALLFISHDATA,Primary camera/DCIM/102GOPRO/GOPR2837.JPG,Primary,ALLFISHDATA/Primary camera/DCIM/102GOPRO,66.0,109.7,mid,high,0.186,low,2,0.231826,yes
ALLFISHDATA/Primary camera/DCIM/102GOPRO/GOPR2838.JPG,ALLFISHDATA,Primary camera/DCIM/102GOPRO/GOPR2838.JPG,Primary,ALLFISHDATA/Primary camera/DCIM/102GOPRO,73.3,109.9,high,high,0.461,mid,1,0.163276,yes
ALLFISHDATA/Primary camera/DCIM/102GOPRO/GOPR2839.JPG,ALLFISHDATA,Primary camera/DCIM/102GOPRO/GOPR2839.JPG,Primary,ALLFISHDATA/Primary camera/DCIM/102GOPRO,68.9,117.6,high,high,0.197,low,2,0.150733,yes
ALLFISHDATA/Primary camera/DCIM/102GOPRO/GOPR2841.JPG,ALLFISHDATA,Primary camera/DCIM/102GOPRO/GOPR2841.JPG,Primary,ALLFISHDATA/Primary camera/DCIM/102GOPRO,1882.5,110.6,high,high,0.834,high,3,0.398600,yes
ALLFISHDATA/Primary camera/DCIM/102GOPRO/GOPR2847.JPG,ALLFISHDATA,Primary camera/DCIM/102GOPRO/GOPR2847.JPG,Primary,ALLFISHDATA/Primary camera/DCIM/102GOPRO,2705.7,99.0,high,mid,0.337,mid,3,0.348894,yes
ALLFISHDATA/Primary camera/DCIM/102GOPRO/GOPR2880.JPG,ALLFISHDATA,Primary camera/DCIM/102GOPRO/GOPR2880.JPG,Primary,ALLFISHDATA/Primary camera/DCIM/102GOPRO,71.0,92.7,high,mid,0.140,low,1,0.306591,yes
ALLFISHDATA/Primary camera/DCIM/102GOPRO/GOPR2971.JPG,ALLFISHDATA,Primary camera/DCIM/102GOPRO/GOPR2971.JPG,Primary,ALLFISHDATA/Primary camera/DCIM/102GOPRO,45.6,81.5,low,mid,0.138,low,1,0.295715,yes
ALLFISHDATA/Primary camera/DCIM/102GOPRO/GOPR3004.JPG,ALLFISHDATA,Primary camera/DCIM/102GOPRO/GOPR3004.JPG,Primary,ALLFISHDATA/Primary camera/DCIM/102GOPRO,78.9,77.1,high,mid,0.000,none,0,0.000000,no
ALLFISHDATA/Primary camera/DCIM/102GOPRO/GOPR3014.JPG,ALLFISHDATA,Primary camera/DCIM/102GOPRO/GOPR3014.JPG,Primary,ALLFISHDATA/Primary camera/DCIM/102GOPRO,44.9,74.7,low,mid,0.000,none,0,0.000000,no
ALLFISHDATA/Primary camera/DCIM/102GOPRO/GOPR3017.JPG,ALLFISHDATA,Primary camera/DCIM/102GOPRO/GOPR3017.JPG,Primary,ALLFISHDATA/Primary camera/DCIM/102GOPRO,46.5,73.8,mid,mid,0.000,none,0,0.000000,no
ALLFISHDATA/Primary camera/DCIM/102GOPRO/GOPR3118.JPG,ALLFISHDATA,Primary camera/DCIM/102GOPRO/GOPR3118.JPG,Primary,ALLFISHDATA/Primary camera/DCIM/102GOPRO,45.6,67.1,low,low,0.317,mid,1,0.000797,no
ALLFISHDATA/Primary camera/DCIM/102GOPRO/GOPR3165.JPG,ALLFISHDATA,Primary camera/DCIM/102GOPRO/GOPR3165.JPG,Primary,ALLFISHDATA/Primary camera/DCIM/102GOPRO,44.0,63.4,low,low,0.118,low,1,0.000387,no
ALLFISHDATA/Primary camera/DCIM/103GOPRO/GOPR3203.JPG,ALLFISHDATA,Primary camera/DCIM/103GOPRO/GOPR3203.JPG,Primary,ALLFISHDATA/Primary camera/DCIM/103GOPRO,51.4,63.3,mid,low,0.777,high,1,0.002066,no
ALLFISHDATA/Primary camera/DCIM/103GOPRO/GOPR3328.JPG,ALLFISHDATA,Primary camera/DCIM/103GOPRO/GOPR3328.JPG,Primary,ALLFISHDATA/Primary camera/DCIM/103GOPRO,72.2,50.4,high,low,0.000,none,0,0.000000,no
ALLFISHDATA/Primary camera/DCIM/103GOPRO/GOPR3331.JPG,ALLFISHDATA,Primary camera/DCIM/103GOPRO/GOPR3331.JPG,Primary,ALLFISHDATA/Primary camera/DCIM/103GOPRO,71.8,49.5,high,low,0.448,mid,1,0.000708,no
ALLFISHDATA/Primary camera/DCIM/103GOPRO/GOPR3342.JPG,ALLFISHDATA,Primary camera/DCIM/103GOPRO/GOPR3342.JPG,Primary,ALLFISHDATA/Primary camera/DCIM/103GOPRO,67.8,46.3,high,low,0.222,low,2,0.000866,no
ALLFISHDATA/Primary camera/DCIM/103GOPRO/GOPR3426.JPG,ALLFISHDATA,Primary camera/DCIM/103GOPRO/GOPR3426.JPG,Primary,ALLFISHDATA/Primary camera/DCIM/103GOPRO,117.3,38.5,high,low,0.700,high,4,0.285073,yes
ALLFISHDATA/Primary camera/DCIM/103GOPRO/GOPR3595.JPG,ALLFISHDATA,Primary camera/DCIM/103GOPRO/GOPR3595.JPG,Primary,ALLFISHDATA/Primary camera/DCIM/103GOPRO,56.6,112.4,mid,high,0.000,none,0,0.000000,no
ALLFISHDATA/Primary camera/DCIM/103GOPRO/GOPR3611.JPG,ALLFISHDATA,Primary camera/DCIM/103GOPRO/GOPR3611.JPG,Primary,ALLFISHDATA/Primary camera/DCIM/103GOPRO,55.4,114.0,mid,high,0.221,low,2,0.027553,no
ALLFISHDATA/Primary camera/DCIM/103GOPRO/GOPR3691.JPG,ALLFISHDATA,Primary camera/DCIM/103GOPRO/GOPR3691.JPG,Primary,ALLFISHDATA/Primary camera/DCIM/103GOPRO,43.4,115.3,low,high,0.163,low,3,0.006919,no
ALLFISHDATA/Primary camera/DCIM/103GOPRO/GOPR3727.JPG,ALLFISHDATA,Primary camera/DCIM/103GOPRO/GOPR3727.JPG,Primary,ALLFISHDATA/Primary camera/DCIM/103GOPRO,36.7,124.0,low,high,0.000,none,0,0.000000,no
ALLFISHDATA/Primary camera/DCIM/103GOPRO/GOPR3730.JPG,ALLFISHDATA,Primary camera/DCIM/103GOPRO/GOPR3730.JPG,Primary,ALLFISHDATA/Primary camera/DCIM/103GOPRO,42.7,119.1,low,high,0.418,mid,1,0.001549,no
ALLFISHDATA/Primary camera/DCIM/103GOPRO/GOPR3781.JPG,ALLFISHDATA,Primary camera/DCIM/103GOPRO/GOPR3781.JPG,Primary,ALLFISHDATA/Primary camera/DCIM/103GOPRO,74.6,110.8,high,high,0.000,none,0,0.000000,no
ALLFISHDATA/Primary camera/DCIM/103GOPRO/GOPR3820.JPG,ALLFISHDATA,Primary camera/DCIM/103GOPRO/GOPR3820.JPG,Primary,ALLFISHDATA/Primary camera/DCIM/103GOPRO,51.8,113.3,mid,high,0.461,mid,1,0.010240,no
ALLFISHDATA/Primary camera/DCIM/103GOPRO/GOPR3858.JPG,ALLFISHDATA,Primary camera/DCIM/103GOPRO/GOPR3858.JPG,Primary,ALLFISHDATA/Primary camera/DCIM/103GOPRO,48.2,115.8,mid,high,0.710,high,2,0.014573,no
ALLFISHDATA/Primary camera/DCIM/103GOPRO/GOPR3859.JPG,ALLFISHDATA,Primary camera/DCIM/103GOPRO/GOPR3859.JPG,Primary,ALLFISHDATA/Primary camera/DCIM/103GOPRO,37.7,120.8,low,high,0.802,high,1,0.002147,no
ALLFISHDATA/Primary camera/DCIM/103GOPRO/GOPR3870.JPG,ALLFISHDATA,Primary camera/DCIM/103GOPRO/GOPR3870.JPG,Primary,ALLFISHDATA/Primary camera/DCIM/103GOPRO,69.1,111.6,high,high,0.360,mid,2,0.120218,yes
ALLFISHDATA/Primary camera/DCIM/103GOPRO/GOPR3987.JPG,ALLFISHDATA,Primary camera/DCIM/103GOPRO/GOPR3987.JPG,Primary,ALLFISHDATA/Primary camera/DCIM/103GOPRO,71.6,111.9,high,high,0.171,low,1,0.399489,yes
ALLFISHDATA/Primary camera/DCIM/103GOPRO/GOPR4141.JPG,ALLFISHDATA,Primary camera/DCIM/103GOPRO/GOPR4141.JPG,Primary,ALLFISHDATA/Primary camera/DCIM/103GOPRO,0.8,0.1,low,low,0.000,none,0,0.000000,no
ALLFISHDATA/Primary camera/DCIM/104GOPROSOURCE/GOPR4261.JPG,ALLFISHDATA,Primary camera/DCIM/104GOPROSOURCE/GOPR4261.JPG,Primary,ALLFISHDATA/Primary camera/DCIM/104GOPROSOURCE,2.1,0.2,low,low,0.000,none,0,0.000000,no
ALLFISHDATA/Primary camera/DCIM/104GOPROSOURCE/GOPR4517.JPG,ALLFISHDATA,Primary camera/DCIM/104GOPROSOURCE/GOPR4517.JPG,Primary,ALLFISHDATA/Primary camera/DCIM/104GOPROSOURCE,14.8,4.0,low,low,0.140,low,1,0.195487,yes
ALLFISHDATA/Primary camera/DCIM/104GOPROSOURCE/GOPR4525.JPG,ALLFISHDATA,Primary camera/DCIM/104GOPROSOURCE/GOPR4525.JPG,Primary,ALLFISHDATA/Primary camera/DCIM/104GOPROSOURCE,62.7,17.0,mid,low,0.607,high,1,0.309017,yes
ALLFISHDATA/Primary camera/DCIM/104GOPROSOURCE/GOPR4527.JPG,ALLFISHDATA,Primary camera/DCIM/104GOPROSOURCE/GOPR4527.JPG,Primary,ALLFISHDATA/Primary camera/DCIM/104GOPROSOURCE,65.9,17.1,mid,low,0.000,none,0,0.000000,no
ALLFISHDATA/Primary camera/DCIM/104GOPROSOURCE/GOPR4530.JPG,ALLFISHDATA,Primary camera/DCIM/104GOPROSOURCE/GOPR4530.JPG,Primary,ALLFISHDATA/Primary camera/DCIM/104GOPROSOURCE,114.8,29.1,high,low,0.000,none,0,0.000000,no
ALLFISHDATA/Primary camera/DCIM/104GOPROSOURCE/GOPR4531.JPG,ALLFISHDATA,Primary camera/DCIM/104GOPROSOURCE/GOPR4531.JPG,Primary,ALLFISHDATA/Primary camera/DCIM/104GOPROSOURCE,134.1,34.0,high,low,0.305,mid,3,0.230301,yes
ALLFISHDATA/Primary camera/DCIM/104GOPROSOURCE/GOPR4532.JPG,ALLFISHDATA,Primary camera/DCIM/104GOPROSOURCE/GOPR4532.JPG,Primary,ALLFISHDATA/Primary camera/DCIM/104GOPROSOURCE,159.5,41.6,high,low,0.187,low,1,0.225620,yes
ALLFISHDATA/Primary camera/DCIM/104GOPROSOURCE/GOPR4534.JPG,ALLFISHDATA,Primary camera/DCIM/104GOPROSOURCE/GOPR4534.JPG,Primary,ALLFISHDATA/Primary camera/DCIM/104GOPROSOURCE,102.2,50.8,high,low,0.605,high,4,0.265825,yes
ALLFISHDATA/Primary camera/DCIM/104GOPROSOURCE/GOPR4553.JPG,ALLFISHDATA,Primary camera/DCIM/104GOPROSOURCE/GOPR4553.JPG,Primary,ALLFISHDATA/Primary camera/DCIM/104GOPROSOURCE,28.5,64.2,low,low,0.403,mid,1,0.121146,yes
ALLFISHDATA/Primary camera/DCIM/104GOPROSOURCE/GOPR4785.JPG,ALLFISHDATA,Primary camera/DCIM/104GOPROSOURCE/GOPR4785.JPG,Primary,ALLFISHDATA/Primary camera/DCIM/104GOPROSOURCE,68.5,103.1,high,mid,0.000,none,0,0.000000,no
ALLFISHDATA/Primary camera/DCIM/104GOPROSOURCE/GOPR4977.JPG,ALLFISHDATA,Primary camera/DCIM/104GOPROSOURCE/GOPR4977.JPG,Primary,ALLFISHDATA/Primary camera/DCIM/104GOPROSOURCE,56.2,110.3,mid,high,0.304,mid,1,0.029503,no
ALLFISHDATA/Primary camera/DCIM/104GOPROSOURCE/GOPR4986.JPG,ALLFISHDATA,Primary camera/DCIM/104GOPROSOURCE/GOPR4986.JPG,Primary,ALLFISHDATA/Primary camera/DCIM/104GOPROSOURCE,35.7,118.4,low,high,0.380,mid,3,0.410803,yes
ALLFISHDATA/Primary camera/DCIM/104GOPROSOURCE/GOPR4989.JPG,ALLFISHDATA,Primary camera/DCIM/104GOPROSOURCE/GOPR4989.JPG,Primary,ALLFISHDATA/Primary camera/DCIM/104GOPROSOURCE,47.8,110.1,mid,high,0.849,high,19,0.018292,no
ALLFISHDATA/Primary camera/DCIM/104GOPROSOURCE/GOPR5012.JPG,ALLFISHDATA,Primary camera/DCIM/104GOPROSOURCE/GOPR5012.JPG,Primary,ALLFISHDATA/Primary camera/DCIM/104GOPROSOURCE,53.9,111.2,mid,high,0.168,low,2,0.004383,no
ALLFISHDATA/Primary camera/DCIM/104GOPROSOURCE/GOPR5033.JPG,ALLFISHDATA,Primary camera/DCIM/104GOPROSOURCE/GOPR5033.JPG,Primary,ALLFISHDATA/Primary camera/DCIM/104GOPROSOURCE,68.5,114.5,high,high,0.795,high,15,0.019144,no
ALLFISHDATA/Primary camera/DCIM/104GOPROSOURCE/GOPR5038.JPG,ALLFISHDATA,Primary camera/DCIM/104GOPROSOURCE/GOPR5038.JPG,Primary,ALLFISHDATA/Primary camera/DCIM/104GOPROSOURCE,39.4,116.7,low,high,0.609,high,1,0.004947,no
ALLFISHDATA/Primary camera/DCIM/104GOPROSOURCE/GOPR5039.JPG,ALLFISHDATA,Primary camera/DCIM/104GOPROSOURCE/GOPR5039.JPG,Primary,ALLFISHDATA/Primary camera/DCIM/104GOPROSOURCE,45.5,115.5,low,high,0.175,low,1,0.004870,no
ALLFISHDATA/Primary camera/DCIM/104GOPROSOURCE/GOPR5043.JPG,ALLFISHDATA,Primary camera/DCIM/104GOPROSOURCE/GOPR5043.JPG,Primary,ALLFISHDATA/Primary camera/DCIM/104GOPROSOURCE,43.8,115.2,low,high,0.000,none,0,0.000000,no
ALLFISHDATA/Primary camera/DCIM/104GOPROSOURCE/GOPR5082.JPG,ALLFISHDATA,Primary camera/DCIM/104GOPROSOURCE/GOPR5082.JPG,Primary,ALLFISHDATA/Primary camera/DCIM/104GOPROSOURCE,49.6,113.4,mid,high,0.000,none,0,0.000000,no
ALLFISHDATA/Primary camera/DCIM/105GOPRO/GOPR5460.JPG,ALLFISHDATA,Primary camera/DCIM/105GOPRO/GOPR5460.JPG,Primary,ALLFISHDATA/Primary camera/DCIM/105GOPRO,83.0,61.2,high,low,0.290,mid,3,0.402129,yes
ALLFISHDATA/Primary camera/DCIM/105GOPRO/GOPR5469.JPG,ALLFISHDATA,Primary camera/DCIM/105GOPRO/GOPR5469.JPG,Primary,ALLFISHDATA/Primary camera/DCIM/105GOPRO,70.4,60.4,high,low,0.585,high,1,0.391937,yes
ALLFISHDATA/Primary camera/DCIM/105GOPRO/GOPR5542.JPG,ALLFISHDATA,Primary camera/DCIM/105GOPRO/GOPR5542.JPG,Primary,ALLFISHDATA/Primary camera/DCIM/105GOPRO,52.6,64.8,mid,low,0.304,mid,2,0.012272,no
ALLFISHDATA/Primary camera/DCIM/105GOPRO/GOPR5555.JPG,ALLFISHDATA,Primary camera/DCIM/105GOPRO/GOPR5555.JPG,Primary,ALLFISHDATA/Primary camera/DCIM/105GOPRO,44.3,64.0,low,low,0.491,mid,2,0.005931,no
ALLFISHDATA/Primary camera/DCIM/105GOPRO/GOPR5561.JPG,ALLFISHDATA,Primary camera/DCIM/105GOPRO/GOPR5561.JPG,Primary,ALLFISHDATA/Primary camera/DCIM/105GOPRO,47.3,62.7,mid,low,0.186,low,1,0.007207,no
ALLFISHDATA/Primary camera/DCIM/105GOPRO/GOPR5569.JPG,ALLFISHDATA,Primary camera/DCIM/105GOPRO/GOPR5569.JPG,Primary,ALLFISHDATA/Primary camera/DCIM/105GOPRO,51.3,60.1,mid,low,0.000,none,0,0.000000,no
ALLFISHDATA/Primary camera/DCIM/105GOPRO/GOPR5590.JPG,ALLFISHDATA,Primary camera/DCIM/105GOPRO/GOPR5590.JPG,Primary,ALLFISHDATA/Primary camera/DCIM/105GOPRO,67.6,60.6,high,low,0.000,none,0,0.000000,no
ALLFISHDATA/Primary camera/DCIM/105GOPRO/GOPR5611.JPG,ALLFISHDATA,Primary camera/DCIM/105GOPRO/GOPR5611.JPG,Primary,ALLFISHDATA/Primary camera/DCIM/105GOPRO,68.0,61.6,high,low,0.223,low,1,0.006987,no
ALLFISHDATA/Primary camera/DCIM/105GOPRO/GOPR5642.JPG,ALLFISHDATA,Primary camera/DCIM/105GOPRO/GOPR5642.JPG,Primary,ALLFISHDATA/Primary camera/DCIM/105GOPRO,33.9,57.0,low,low,0.877,high,1,0.120254,yes
ALLFISHDATA/Primary camera/DCIM/105GOPRO/GOPR5672.JPG,ALLFISHDATA,Primary camera/DCIM/105GOPRO/GOPR5672.JPG,Primary,ALLFISHDATA/Primary camera/DCIM/105GOPRO,84.7,77.1,high,mid,0.000,none,0,0.000000,no
ALLFISHDATA/Primary camera/DCIM/105GOPRO/GOPR5764.JPG,ALLFISHDATA,Primary camera/DCIM/105GOPRO/GOPR5764.JPG,Primary,ALLFISHDATA/Primary camera/DCIM/105GOPRO,106.6,76.6,high,mid,0.141,low,1,0.009961,no
ALLFISHDATA/Primary camera/DCIM/105GOPRO/GOPR5950.JPG,ALLFISHDATA,Primary camera/DCIM/105GOPRO/GOPR5950.JPG,Primary,ALLFISHDATA/Primary camera/DCIM/105GOPRO,45.6,65.3,low,low,0.000,none,0,0.000000,no
ALLFISHDATA/Primary camera/DCIM/105GOPRO/GOPR5960.JPG,ALLFISHDATA,Primary camera/DCIM/105GOPRO/GOPR5960.JPG,Primary,ALLFISHDATA/Primary camera/DCIM/105GOPRO,44.7,63.9,low,low,0.192,low,1,0.001982,no
ALLFISHDATA/Primary camera/DCIM/105GOPRO/GOPR6136.JPG,ALLFISHDATA,Primary camera/DCIM/105GOPRO/GOPR6136.JPG,Primary,ALLFISHDATA/Primary camera/DCIM/105GOPRO,112.5,110.2,high,high,0.168,low,1,0.018119,no
ALLFISHDATA/Primary camera/DCIM/105GOPRO/GOPR6140.JPG,ALLFISHDATA,Primary camera/DCIM/105GOPRO/GOPR6140.JPG,Primary,ALLFISHDATA/Primary camera/DCIM/105GOPRO,104.2,111.1,high,high,0.253,mid,1,0.010257,no
ALLFISHDATA/Primary camera/DCIM/105GOPRO/GOPR6142.JPG,ALLFISHDATA,Primary camera/DCIM/105GOPRO/GOPR6142.JPG,Primary,ALLFISHDATA/Primary camera/DCIM/105GOPRO,90.9,111.1,high,high,0.000,none,0,0.000000,no
ALLFISHDATA/Primary camera/DCIM/105GOPRO/GOPR6158.JPG,ALLFISHDATA,Primary camera/DCIM/105GOPRO/GOPR6158.JPG,Primary,ALLFISHDATA/Primary camera/DCIM/105GOPRO,58.4,115.0,mid,high,0.704,high,1,0.016953,no
ALLFISHDATA/Primary camera/DCIM/105GOPRO/GOPR6160.JPG,ALLFISHDATA,Primary camera/DCIM/105GOPRO/GOPR6160.JPG,Primary,ALLFISHDATA/Primary camera/DCIM/105GOPRO,84.5,117.1,high,high,0.726,high,1,0.018330,no
ALLFISHDATA/Primary camera/DCIM/106GOPRO/GOPR6190.JPG,ALLFISHDATA,Primary camera/DCIM/106GOPRO/GOPR6190.JPG,Primary,ALLFISHDATA/Primary camera/DCIM/106GOPRO,82.3,105.2,high,mid,0.726,high,4,0.010133,no
ALLFISHDATA/Primary camera/DCIM/106GOPRO/GOPR6275.JPG,ALLFISHDATA,Primary camera/DCIM/106GOPRO/GOPR6275.JPG,Primary,ALLFISHDATA/Primary camera/DCIM/106GOPRO,39.1,112.6,low,high,0.670,high,2,0.004536,no
ALLFISHDATA/Primary camera/DCIM/106GOPRO/GOPR6286.JPG,ALLFISHDATA,Primary camera/DCIM/106GOPRO/GOPR6286.JPG,Primary,ALLFISHDATA/Primary camera/DCIM/106GOPRO,45.8,111.2,low,high,0.486,mid,1,0.006337,no
ALLFISHDATA/Primary camera/DCIM/106GOPRO/GOPR6289.JPG,ALLFISHDATA,Primary camera/DCIM/106GOPRO/GOPR6289.JPG,Primary,ALLFISHDATA/Primary camera/DCIM/106GOPRO,41.5,109.8,low,high,0.000,none,0,0.000000,no
ALLFISHDATA/Primary camera/DCIM/106GOPRO/GOPR6350.JPG,ALLFISHDATA,Primary camera/DCIM/106GOPRO/GOPR6350.JPG,Primary,ALLFISHDATA/Primary camera/DCIM/106GOPRO,69.6,109.8,high,high,0.000,none,0,0.000000,no
ALLFISHDATA/Primary camera/DCIM/106GOPRO/GOPR6375.JPG,ALLFISHDATA,Primary camera/DCIM/106GOPRO/GOPR6375.JPG,Primary,ALLFISHDATA/Primary camera/DCIM/106GOPRO,64.2,111.1,mid,high,0.114,low,1,0.013676,no
ALLFISHDATA/Primary camera/DCIM/106GOPRO/GOPR6377.JPG,ALLFISHDATA,Primary camera/DCIM/106GOPRO/GOPR6377.JPG,Primary,ALLFISHDATA/Primary camera/DCIM/106GOPRO,68.3,113.8,high,high,0.856,high,1,0.016117,no
ALLFISHDATA/Primary camera/DCIM/106GOPRO/GOPR6390.JPG,ALLFISHDATA,Primary camera/DCIM/106GOPRO/GOPR6390.JPG,Primary,ALLFISHDATA/Primary camera/DCIM/106GOPRO,65.7,112.9,mid,high,0.000,none,0,0.000000,no
ALLFISHDATA/Primary camera/DCIM/106GOPRO/GOPR6449.JPG,ALLFISHDATA,Primary camera/DCIM/106GOPRO/GOPR6449.JPG,Primary,ALLFISHDATA/Primary camera/DCIM/106GOPRO,66.5,110.0,high,high,0.168,low,1,0.003204,no
ALLFISHDATA/Primary camera/DCIM/106GOPRO/GOPR6479.JPG,ALLFISHDATA,Primary camera/DCIM/106GOPRO/GOPR6479.JPG,Primary,ALLFISHDATA/Primary camera/DCIM/106GOPRO,76.7,115.6,high,high,0.345,mid,1,0.004281,no
ALLFISHDATA/Primary camera/DCIM/106GOPRO/GOPR6600.JPG,ALLFISHDATA,Primary camera/DCIM/106GOPRO/GOPR6600.JPG,Primary,ALLFISHDATA/Primary camera/DCIM/106GOPRO,45.5,87.6,low,mid,0.697,high,1,0.003418,no
ALLFISHDATA/Primary camera/DCIM/106GOPRO/GOPR6682.JPG,ALLFISHDATA,Primary camera/DCIM/106GOPRO/GOPR6682.JPG,Primary,ALLFISHDATA/Primary camera/DCIM/106GOPRO,61.3,110.4,mid,high,0.435,mid,1,0.005869,no
ALLFISHDATA/Primary camera/DCIM/106GOPRO/GOPR6686.JPG,ALLFISHDATA,Primary camera/DCIM/106GOPRO/GOPR6686.JPG,Primary,ALLFISHDATA/Primary camera/DCIM/106GOPRO,50.3,109.9,mid,high,0.627,high,1,0.002789,no
ALLFISHDATA/Primary camera/DCIM/106GOPRO/GOPR6726.JPG,ALLFISHDATA,Primary camera/DCIM/106GOPRO/GOPR6726.JPG,Primary,ALLFISHDATA/Primary camera/DCIM/106GOPRO,46.0,113.1,low,high,0.223,low,2,0.010915,no
ALLFISHDATA/Primary camera/DCIM/106GOPRO/GOPR6953.JPG,ALLFISHDATA,Primary camera/DCIM/106GOPRO/GOPR6953.JPG,Primary,ALLFISHDATA/Primary camera/DCIM/106GOPRO,76.5,66.7,high,low,0.436,mid,2,0.411392,yes
ALLFISHDATA/Primary camera/DCIM/106GOPRO/GOPR7044.JPG,ALLFISHDATA,Primary camera/DCIM/106GOPRO/GOPR7044.JPG,Primary,ALLFISHDATA/Primary camera/DCIM/106GOPRO,46.3,66.9,low,low,0.000,none,0,0.000000,no
ALLFISHDATA/Primary camera/DCIM/106GOPRO/GOPR7084.JPG,ALLFISHDATA,Primary camera/DCIM/106GOPRO/GOPR7084.JPG,Primary,ALLFISHDATA/Primary camera/DCIM/106GOPRO,66.7,60.6,high,low,0.161,low,1,0.008436,no
ALLFISHDATA/Primary camera/DCIM/106GOPRO/GOPR7085.JPG,ALLFISHDATA,Primary camera/DCIM/106GOPRO/GOPR7085.JPG,Primary,ALLFISHDATA/Primary camera/DCIM/106GOPRO,66.5,59.9,high,low,0.000,none,0,0.000000,no
ALLFISHDATA/Primary camera/DCIM/107GOPRO/GOPR7168.JPG,ALLFISHDATA,Primary camera/DCIM/107GOPRO/GOPR7168.JPG,Primary,ALLFISHDATA/Primary camera/DCIM/107GOPRO,122.0,43.0,high,low,0.000,none,0,0.000000,no
ALLFISHDATA/Primary camera/DCIM/107GOPRO/GOPR7254.JPG,ALLFISHDATA,Primary camera/DCIM/107GOPRO/GOPR7254.JPG,Primary,ALLFISHDATA/Primary camera/DCIM/107GOPRO,49.6,12.7,mid,low,0.000,none,0,0.000000,no
ALLFISHDATA/Primary camera/DCIM/107GOPRO/GOPR7306.JPG,ALLFISHDATA,Primary camera/DCIM/107GOPRO/GOPR7306.JPG,Primary,ALLFISHDATA/Primary camera/DCIM/107GOPRO,15.3,4.0,low,low,0.000,none,0,0.000000,no
ALLFISHDATA/Primary camera/DCIM/107GOPRO/GOPR7455.JPG,ALLFISHDATA,Primary camera/DCIM/107GOPRO/GOPR7455.JPG,Primary,ALLFISHDATA/Primary camera/DCIM/107GOPRO,144.0,41.6,high,low,0.234,low,1,0.243737,yes
ALLFISHDATA/Primary camera/DCIM/107GOPRO/GOPR7464.JPG,ALLFISHDATA,Primary camera/DCIM/107GOPRO/GOPR7464.JPG,Primary,ALLFISHDATA/Primary camera/DCIM/107GOPRO,79.1,64.4,high,low,0.565,high,4,0.419312,yes
ALLFISHDATA/Primary camera/DCIM/107GOPRO/GOPR7468.JPG,ALLFISHDATA,Primary camera/DCIM/107GOPRO/GOPR7468.JPG,Primary,ALLFISHDATA/Primary camera/DCIM/107GOPRO,77.3,68.0,high,low,0.447,mid,2,0.406999,yes
ALLFISHDATA/Primary camera/DCIM/107GOPRO/GOPR7590.JPG,ALLFISHDATA,Primary camera/DCIM/107GOPRO/GOPR7590.JPG,Primary,ALLFISHDATA/Primary camera/DCIM/107GOPRO,58.5,112.4,mid,high,0.000,none,0,0.000000,no
ALLFISHDATA/Primary camera/DCIM/107GOPRO/GOPR7626.JPG,ALLFISHDATA,Primary camera/DCIM/107GOPRO/GOPR7626.JPG,Primary,ALLFISHDATA/Primary camera/DCIM/107GOPRO,66.9,116.1,high,high,0.841,high,2,0.022167,no
ALLFISHDATA/Primary camera/DCIM/107GOPRO/GOPR7642.JPG,ALLFISHDATA,Primary camera/DCIM/107GOPRO/GOPR7642.JPG,Primary,ALLFISHDATA/Primary camera/DCIM/107GOPRO,53.0,109.9,mid,high,0.147,low,1,0.003106,no
ALLFISHDATA/Primary camera/DCIM/107GOPRO/GOPR7681.JPG,ALLFISHDATA,Primary camera/DCIM/107GOPRO/GOPR7681.JPG,Primary,ALLFISHDATA/Primary camera/DCIM/107GOPRO,69.4,112.6,high,high,0.429,mid,1,0.014490,no
ALLFISHDATA/Primary camera/DCIM/107GOPRO/GOPR7697.JPG,ALLFISHDATA,Primary camera/DCIM/107GOPRO/GOPR7697.JPG,Primary,ALLFISHDATA/Primary camera/DCIM/107GOPRO,72.2,115.2,high,high,0.000,none,0,0.000000,no
ALLFISHDATA/Primary camera/DCIM/107GOPRO/GOPR7761.JPG,ALLFISHDATA,Primary camera/DCIM/107GOPRO/GOPR7761.JPG,Primary,ALLFISHDATA/Primary camera/DCIM/107GOPRO,40.2,115.5,low,high,0.000,none,0,0.000000,no
ALLFISHDATA/Primary camera/DCIM/107GOPRO/GOPR7762.JPG,ALLFISHDATA,Primary camera/DCIM/107GOPRO/GOPR7762.JPG,Primary,ALLFISHDATA/Primary camera/DCIM/107GOPRO,42.0,115.0,low,high,0.157,low,2,0.011034,no
ALLFISHDATA/Primary camera/DCIM/107GOPRO/GOPR7763.JPG,ALLFISHDATA,Primary camera/DCIM/107GOPRO/GOPR7763.JPG,Primary,ALLFISHDATA/Primary camera/DCIM/107GOPRO,43.4,114.0,low,high,0.314,mid,2,0.011266,no
ALLFISHDATA/Primary camera/DCIM/107GOPRO/GOPR7795.JPG,ALLFISHDATA,Primary camera/DCIM/107GOPRO/GOPR7795.JPG,Primary,ALLFISHDATA/Primary camera/DCIM/107GOPRO,66.6,113.4,high,high,0.187,low,1,0.004196,no
ALLFISHDATA/Primary camera/DCIM/107GOPRO/GOPR7891.JPG,ALLFISHDATA,Primary camera/DCIM/107GOPRO/GOPR7891.JPG,Primary,ALLFISHDATA/Primary camera/DCIM/107GOPRO,50.3,112.5,mid,high,0.523,high,2,0.282170,yes
ALLFISHDATA/Primary camera/DCIM/107GOPRO/GOPR7940.JPG,ALLFISHDATA,Primary camera/DCIM/107GOPRO/GOPR7940.JPG,Primary,ALLFISHDATA/Primary camera/DCIM/107GOPRO,61.9,113.2,mid,high,0.418,mid,2,0.021663,no
ALLFISHDATA/Primary camera/DCIM/107GOPRO/GOPR8021.JPG,ALLFISHDATA,Primary camera/DCIM/107GOPRO/GOPR8021.JPG,Primary,ALLFISHDATA/Primary camera/DCIM/107GOPRO,45.9,119.5,low,high,0.512,high,1,0.004227,no
