frame_id,source,frame,camera,folder,blur,brightness,blur_bin,brightness_bin,max_conf,conf_band,n_boxes,max_area_frac,large_box,stratum
ALLFISHDATA/Primary camera/DCIM/100GOPRO/GOPR0207.JPG,ALLFISHDATA,Primary camera/DCIM/100GOPRO/GOPR0207.JPG,Primary,ALLFISHDATA/Primary camera/DCIM/100GOPRO,77.0,132.4,high,high,0.145,low,1,0.002853,no,faint
ALLFISHDATA/Primary camera/DCIM/100GOPRO/GOPR0236.JPG,ALLFISHDATA,Primary camera/DCIM/100GOPRO/GOPR0236.JPG,Primary,ALLFISHDATA/Primary camera/DCIM/100GOPRO,71.0,132.5,high,high,0.703,high,2,0.007905,no,confident
ALLFISHDATA/Primary camera/DCIM/100GOPRO/GOPR0244.JPG,ALLFISHDATA,Primary camera/DCIM/100GOPRO/GOPR0244.JPG,Primary,ALLFISHDATA/Primary camera/DCIM/100GOPRO,53.2,132.4,mid,high,0.541,high,1,0.006292,no,confident
ALLFISHDATA/Primary camera/DCIM/100GOPRO/GOPR0326.JPG,ALLFISHDATA,Primary camera/DCIM/100GOPRO/GOPR0326.JPG,Primary,ALLFISHDATA/Primary camera/DCIM/100GOPRO,88.8,129.6,high,high,0.854,high,1,0.014329,no,confident
ALLFISHDATA/Primary camera/DCIM/100GOPRO/GOPR0420.JPG,ALLFISHDATA,Primary camera/DCIM/100GOPRO/GOPR0420.JPG,Primary,ALLFISHDATA/Primary camera/DCIM/100GOPRO,63.9,131.9,high,high,0.636,high,1,0.009127,no,confident
ALLFISHDATA/Primary camera/DCIM/100GOPRO/GOPR0421.JPG,ALLFISHDATA,Primary camera/DCIM/100GOPRO/GOPR0421.JPG,Primary,ALLFISHDATA/Primary camera/DCIM/100GOPRO,56.3,132.4,mid,high,0.753,high,2,0.009095,no,confident
ALLFISHDATA/Primary camera/DCIM/100GOPRO/GOPR0437.JPG,ALLFISHDATA,Primary camera/DCIM/100GOPRO/GOPR0437.JPG,Primary,ALLFISHDATA/Primary camera/DCIM/100GOPRO,47.2,128.3,low,high,0.782,high,1,0.009660,no,confident
ALLFISHDATA/Primary camera/DCIM/100GOPRO/GOPR0461.JPG,ALLFISHDATA,Primary camera/DCIM/100GOPRO/GOPR0461.JPG,Primary,ALLFISHDATA/Primary camera/DCIM/100GOPRO,47.1,122.9,low,high,0.210,low,1,0.010145,no,faint
ALLFISHDATA/Primary camera/DCIM/100GOPRO/GOPR0464.JPG,ALLFISHDATA,Primary camera/DCIM/100GOPRO/GOPR0464.JPG,Primary,ALLFISHDATA/Primary camera/DCIM/100GOPRO,48.2,124.6,low,high,0.572,high,1,0.001695,no,confident
ALLFISHDATA/Primary camera/DCIM/100GOPRO/GOPR0616.JPG,ALLFISHDATA,Primary camera/DCIM/100GOPRO/GOPR0616.JPG,Primary,ALLFISHDATA/Primary camera/DCIM/100GOPRO,60.5,96.1,mid,mid,0.112,low,1,0.018478,no,faint
ALLFISHDATA/Primary camera/DCIM/100GOPRO/GOPR0646.JPG,ALLFISHDATA,Primary camera/DCIM/100GOPRO/GOPR0646.JPG,Primary,ALLFISHDATA/Primary camera/DCIM/100GOPRO,95.2,82.7,high,mid,0.863,high,1,0.216587,yes,confident
ALLFISHDATA/Primary camera/DCIM/100GOPRO/GOPR0655.JPG,ALLFISHDATA,Primary camera/DCIM/100GOPRO/GOPR0655.JPG,Primary,ALLFISHDATA/Primary camera/DCIM/100GOPRO,99.1,80.8,high,mid,0.173,low,1,0.205222,yes,faint
ALLFISHDATA/Primary camera/DCIM/100GOPRO/GOPR0715.JPG,ALLFISHDATA,Primary camera/DCIM/100GOPRO/GOPR0715.JPG,Primary,ALLFISHDATA/Primary camera/DCIM/100GOPRO,97.7,71.0,high,low,0.836,high,2,0.237052,yes,confident
ALLFISHDATA/Primary camera/DCIM/100GOPRO/GOPR0722.JPG,ALLFISHDATA,Primary camera/DCIM/100GOPRO/GOPR0722.JPG,Primary,ALLFISHDATA/Primary camera/DCIM/100GOPRO,101.1,74.1,high,low,0.844,high,1,0.204495,yes,confident
ALLFISHDATA/Primary camera/DCIM/100GOPRO/GOPR0748.JPG,ALLFISHDATA,Primary camera/DCIM/100GOPRO/GOPR0748.JPG,Primary,ALLFISHDATA/Primary camera/DCIM/100GOPRO,102.1,72.8,high,low,0.819,high,1,0.186200,yes,confident
ALLFISHDATA/Primary camera/DCIM/100GOPRO/GOPR0774.JPG,ALLFISHDATA,Primary camera/DCIM/100GOPRO/GOPR0774.JPG,Primary,ALLFISHDATA/Primary camera/DCIM/100GOPRO,99.0,81.3,high,mid,0.593,high,1,0.221921,yes,confident
ALLFISHDATA/Primary camera/DCIM/100GOPRO/GOPR0791.JPG,ALLFISHDATA,Primary camera/DCIM/100GOPRO/GOPR0791.JPG,Primary,ALLFISHDATA/Primary camera/DCIM/100GOPRO,104.4,79.6,high,mid,0.720,high,1,0.178860,yes,confident
ALLFISHDATA/Primary camera/DCIM/100GOPRO/GOPR0958.JPG,ALLFISHDATA,Primary camera/DCIM/100GOPRO/GOPR0958.JPG,Primary,ALLFISHDATA/Primary camera/DCIM/100GOPRO,62.0,115.7,mid,high,0.586,high,2,0.028688,no,confident
ALLFISHDATA/Primary camera/DCIM/100GOPRO/GOPR0980.JPG,ALLFISHDATA,Primary camera/DCIM/100GOPRO/GOPR0980.JPG,Primary,ALLFISHDATA/Primary camera/DCIM/100GOPRO,65.9,115.8,high,high,0.547,high,4,0.011173,no,confident
ALLFISHDATA/Primary camera/DCIM/100GOPRO/GOPR0989.JPG,ALLFISHDATA,Primary camera/DCIM/100GOPRO/GOPR0989.JPG,Primary,ALLFISHDATA/Primary camera/DCIM/100GOPRO,63.8,116.4,high,high,0.173,low,3,0.193043,yes,faint
ALLFISHDATA/Primary camera/DCIM/100GOPRO/GOPR1055.JPG,ALLFISHDATA,Primary camera/DCIM/100GOPRO/GOPR1055.JPG,Primary,ALLFISHDATA/Primary camera/DCIM/100GOPRO,62.7,118.8,mid,high,0.211,low,1,0.045686,no,faint
ALLFISHDATA/Primary camera/DCIM/100GOPRO/GOPR1066.JPG,ALLFISHDATA,Primary camera/DCIM/100GOPRO/GOPR1066.JPG,Primary,ALLFISHDATA/Primary camera/DCIM/100GOPRO,47.7,118.2,low,high,0.225,low,2,0.056568,no,faint
ALLFISHDATA/Primary camera/DCIM/100GOPRO/GOPR1110.JPG,ALLFISHDATA,Primary camera/DCIM/100GOPRO/GOPR1110.JPG,Primary,ALLFISHDATA/Primary camera/DCIM/100GOPRO,62.9,115.8,mid,high,0.208,low,2,0.346795,yes,faint
ALLFISHDATA/Primary camera/DCIM/101GOPRO/GOPR1169.JPG,ALLFISHDATA,Primary camera/DCIM/101GOPRO/GOPR1169.JPG,Primary,ALLFISHDATA/Primary camera/DCIM/101GOPRO,52.4,107.5,mid,high,0.130,low,1,0.041306,no,fish_folders
ALLFISHDATA/Primary camera/DCIM/101GOPRO/GOPR1172.JPG,ALLFISHDATA,Primary camera/DCIM/101GOPRO/GOPR1172.JPG,Primary,ALLFISHDATA/Primary camera/DCIM/101GOPRO,55.6,106.9,mid,high,0.369,mid,1,0.039705,no,fish_folders
ALLFISHDATA/Primary camera/DCIM/101GOPRO/GOPR1173.JPG,ALLFISHDATA,Primary camera/DCIM/101GOPRO/GOPR1173.JPG,Primary,ALLFISHDATA/Primary camera/DCIM/101GOPRO,57.0,107.0,mid,high,0.389,mid,2,0.040054,no,fish_folders
ALLFISHDATA/Primary camera/DCIM/101GOPRO/GOPR1174.JPG,ALLFISHDATA,Primary camera/DCIM/101GOPRO/GOPR1174.JPG,Primary,ALLFISHDATA/Primary camera/DCIM/101GOPRO,62.8,107.0,mid,high,0.152,low,1,0.036400,no,fish_folders
ALLFISHDATA/Primary camera/DCIM/101GOPRO/GOPR1178.JPG,ALLFISHDATA,Primary camera/DCIM/101GOPRO/GOPR1178.JPG,Primary,ALLFISHDATA/Primary camera/DCIM/101GOPRO,53.9,106.8,mid,high,0.195,low,1,0.037412,no,fish_folders
ALLFISHDATA/Primary camera/DCIM/101GOPRO/GOPR1180.JPG,ALLFISHDATA,Primary camera/DCIM/101GOPRO/GOPR1180.JPG,Primary,ALLFISHDATA/Primary camera/DCIM/101GOPRO,67.5,106.2,high,high,0.442,mid,2,0.038682,no,fish_folders
ALLFISHDATA/Primary camera/DCIM/101GOPRO/GOPR1184.JPG,ALLFISHDATA,Primary camera/DCIM/101GOPRO/GOPR1184.JPG,Primary,ALLFISHDATA/Primary camera/DCIM/101GOPRO,65.2,106.0,high,high,0.390,mid,1,0.043037,no,fish_folders
ALLFISHDATA/Primary camera/DCIM/101GOPRO/GOPR1187.JPG,ALLFISHDATA,Primary camera/DCIM/101GOPRO/GOPR1187.JPG,Primary,ALLFISHDATA/Primary camera/DCIM/101GOPRO,70.2,105.1,high,high,0.281,mid,2,0.297035,yes,fish_folders
ALLFISHDATA/Primary camera/DCIM/101GOPRO/GOPR1191.JPG,ALLFISHDATA,Primary camera/DCIM/101GOPRO/GOPR1191.JPG,Primary,ALLFISHDATA/Primary camera/DCIM/101GOPRO,51.0,105.6,mid,high,0.254,mid,1,0.040222,no,fish_folders
ALLFISHDATA/Primary camera/DCIM/101GOPRO/GOPR1194.JPG,ALLFISHDATA,Primary camera/DCIM/101GOPRO/GOPR1194.JPG,Primary,ALLFISHDATA/Primary camera/DCIM/101GOPRO,55.4,104.8,mid,high,0.195,low,2,0.042405,no,fish_folders
ALLFISHDATA/Primary camera/DCIM/101GOPRO/GOPR1197.JPG,ALLFISHDATA,Primary camera/DCIM/101GOPRO/GOPR1197.JPG,Primary,ALLFISHDATA/Primary camera/DCIM/101GOPRO,53.7,104.3,mid,high,0.501,high,1,0.041629,no,fish_folders
ALLFISHDATA/Primary camera/DCIM/101GOPRO/GOPR1200.JPG,ALLFISHDATA,Primary camera/DCIM/101GOPRO/GOPR1200.JPG,Primary,ALLFISHDATA/Primary camera/DCIM/101GOPRO,46.6,101.5,low,mid,0.748,high,3,0.217776,yes,fish_folders
ALLFISHDATA/Primary camera/DCIM/101GOPRO/GOPR1202.JPG,ALLFISHDATA,Primary camera/DCIM/101GOPRO/GOPR1202.JPG,Primary,ALLFISHDATA/Primary camera/DCIM/101GOPRO,45.7,96.9,low,mid,0.244,low,2,0.224550,yes,fish_folders
ALLFISHDATA/Primary camera/DCIM/101GOPRO/GOPR1204.JPG,ALLFISHDATA,Primary camera/DCIM/101GOPRO/GOPR1204.JPG,Primary,ALLFISHDATA/Primary camera/DCIM/101GOPRO,45.2,95.2,low,mid,0.333,mid,1,0.041075,no,fish_folders
ALLFISHDATA/Primary camera/DCIM/101GOPRO/GOPR1207.JPG,ALLFISHDATA,Primary camera/DCIM/101GOPRO/GOPR1207.JPG,Primary,ALLFISHDATA/Primary camera/DCIM/101GOPRO,44.0,92.2,low,mid,0.421,mid,4,0.342865,yes,fish_folders
ALLFISHDATA/Primary camera/DCIM/101GOPRO/GOPR1209.JPG,ALLFISHDATA,Primary camera/DCIM/101GOPRO/GOPR1209.JPG,Primary,ALLFISHDATA/Primary camera/DCIM/101GOPRO,44.3,91.9,low,mid,0.250,mid,3,0.366687,yes,fish_folders
ALLFISHDATA/Primary camera/DCIM/101GOPRO/GOPR1211.JPG,ALLFISHDATA,Primary camera/DCIM/101GOPRO/GOPR1211.JPG,Primary,ALLFISHDATA/Primary camera/DCIM/101GOPRO,43.6,88.9,low,mid,0.476,mid,3,0.041595,no,fish_folders
ALLFISHDATA/Primary camera/DCIM/101GOPRO/GOPR1221.JPG,ALLFISHDATA,Primary camera/DCIM/101GOPRO/GOPR1221.JPG,Primary,ALLFISHDATA/Primary camera/DCIM/101GOPRO,47.4,82.8,low,mid,0.215,low,2,0.332831,yes,faint
ALLFISHDATA/Primary camera/DCIM/101GOPRO/GOPR1222.JPG,ALLFISHDATA,Primary camera/DCIM/101GOPRO/GOPR1222.JPG,Primary,ALLFISHDATA/Primary camera/DCIM/101GOPRO,53.5,80.8,mid,mid,0.430,mid,2,0.361338,yes,fish_folders
ALLFISHDATA/Primary camera/DCIM/101GOPRO/GOPR1228.JPG,ALLFISHDATA,Primary camera/DCIM/101GOPRO/GOPR1228.JPG,Primary,ALLFISHDATA/Primary camera/DCIM/101GOPRO,78.8,73.3,high,low,0.296,mid,3,0.357050,yes,fish_folders
ALLFISHDATA/Primary camera/DCIM/101GOPRO/GOPR1240.JPG,ALLFISHDATA,Primary camera/DCIM/101GOPRO/GOPR1240.JPG,Primary,ALLFISHDATA/Primary camera/DCIM/101GOPRO,87.9,25.2,high,low,0.642,high,6,0.450755,yes,confident
ALLFISHDATA/Primary camera/DCIM/101GOPRO/GOPR1241.JPG,ALLFISHDATA,Primary camera/DCIM/101GOPRO/GOPR1241.JPG,Primary,ALLFISHDATA/Primary camera/DCIM/101GOPRO,71.4,21.2,high,low,0.559,high,4,0.455595,yes,confident
ALLFISHDATA/Primary camera/DCIM/101GOPRO/GOPR1242.JPG,ALLFISHDATA,Primary camera/DCIM/101GOPRO/GOPR1242.JPG,Primary,ALLFISHDATA/Primary camera/DCIM/101GOPRO,61.8,15.9,mid,low,0.522,high,4,0.439587,yes,confident
ALLFISHDATA/Primary camera/DCIM/101GOPRO/GOPR1243.JPG,ALLFISHDATA,Primary camera/DCIM/101GOPRO/GOPR1243.JPG,Primary,ALLFISHDATA/Primary camera/DCIM/101GOPRO,60.7,14.3,mid,low,0.663,high,5,0.440849,yes,fish_folders
ALLFISHDATA/Primary camera/DCIM/101GOPRO/GOPR1244.JPG,ALLFISHDATA,Primary camera/DCIM/101GOPRO/GOPR1244.JPG,Primary,ALLFISHDATA/Primary camera/DCIM/101GOPRO,57.8,12.8,mid,low,0.611,high,5,0.397352,yes,fish_folders
ALLFISHDATA/Primary camera/DCIM/101GOPRO/GOPR1245.JPG,ALLFISHDATA,Primary camera/DCIM/101GOPRO/GOPR1245.JPG,Primary,ALLFISHDATA/Primary camera/DCIM/101GOPRO,52.4,11.6,mid,low,0.648,high,4,0.386210,yes,confident
ALLFISHDATA/Primary camera/DCIM/101GOPRO/GOPR1251.JPG,ALLFISHDATA,Primary camera/DCIM/101GOPRO/GOPR1251.JPG,Primary,ALLFISHDATA/Primary camera/DCIM/101GOPRO,18.1,5.1,low,low,0.891,high,2,0.205422,yes,confident
ALLFISHDATA/Primary camera/DCIM/101GOPRO/GOPR1252.JPG,ALLFISHDATA,Primary camera/DCIM/101GOPRO/GOPR1252.JPG,Primary,ALLFISHDATA/Primary camera/DCIM/101GOPRO,18.9,4.8,low,low,0.893,high,2,0.203075,yes,fish_folders
ALLFISHDATA/Primary camera/DCIM/101GOPRO/GOPR1302.JPG,ALLFISHDATA,Primary camera/DCIM/101GOPRO/GOPR1302.JPG,Primary,ALLFISHDATA/Primary camera/DCIM/101GOPRO,7.0,1.6,low,low,0.178,low,1,0.138948,yes,fish_folders
ALLFISHDATA/Primary camera/DCIM/101GOPRO/GOPR1312.JPG,ALLFISHDATA,Primary camera/DCIM/101GOPRO/GOPR1312.JPG,Primary,ALLFISHDATA/Primary camera/DCIM/101GOPRO,7.4,2.2,low,low,0.703,high,2,0.207791,yes,fish_folders
ALLFISHDATA/Primary camera/DCIM/101GOPRO/GOPR1317.JPG,ALLFISHDATA,Primary camera/DCIM/101GOPRO/GOPR1317.JPG,Primary,ALLFISHDATA/Primary camera/DCIM/101GOPRO,7.6,2.1,low,low,0.680,high,3,0.210176,yes,confident
ALLFISHDATA/Primary camera/DCIM/101GOPRO/GOPR1318.JPG,ALLFISHDATA,Primary camera/DCIM/101GOPRO/GOPR1318.JPG,Primary,ALLFISHDATA/Primary camera/DCIM/101GOPRO,7.6,1.9,low,low,0.194,low,2,0.197349,yes,fish_folders
ALLFISHDATA/Primary camera/DCIM/101GOPRO/GOPR1323.JPG,ALLFISHDATA,Primary camera/DCIM/101GOPRO/GOPR1323.JPG,Primary,ALLFISHDATA/Primary camera/DCIM/101GOPRO,7.6,2.1,low,low,0.197,low,1,0.202373,yes,fish_folders
ALLFISHDATA/Primary camera/DCIM/101GOPRO/GOPR1331.JPG,ALLFISHDATA,Primary camera/DCIM/101GOPRO/GOPR1331.JPG,Primary,ALLFISHDATA/Primary camera/DCIM/101GOPRO,8.4,2.2,low,low,0.711,high,2,0.202993,yes,fish_folders
ALLFISHDATA/Primary camera/DCIM/101GOPRO/GOPR1332.JPG,ALLFISHDATA,Primary camera/DCIM/101GOPRO/GOPR1332.JPG,Primary,ALLFISHDATA/Primary camera/DCIM/101GOPRO,7.1,1.8,low,low,0.353,mid,2,0.201285,yes,fish_folders
ALLFISHDATA/Primary camera/DCIM/101GOPRO/GOPR1384.JPG,ALLFISHDATA,Primary camera/DCIM/101GOPRO/GOPR1384.JPG,Primary,ALLFISHDATA/Primary camera/DCIM/101GOPRO,5.0,1.3,low,low,0.171,low,1,0.125852,yes,fish_folders
ALLFISHDATA/Primary camera/DCIM/101GOPRO/GOPR1393.JPG,ALLFISHDATA,Primary camera/DCIM/101GOPRO/GOPR1393.JPG,Primary,ALLFISHDATA/Primary camera/DCIM/101GOPRO,5.0,1.4,low,low,0.102,low,1,0.122956,yes,fish_folders
ALLFISHDATA/Primary camera/DCIM/101GOPRO/GOPR1520.JPG,ALLFISHDATA,Primary camera/DCIM/101GOPRO/GOPR1520.JPG,Primary,ALLFISHDATA/Primary camera/DCIM/101GOPRO,61.3,105.9,mid,high,0.562,high,2,0.019461,no,fish_folders
ALLFISHDATA/Primary camera/DCIM/101GOPRO/GOPR1535.JPG,ALLFISHDATA,Primary camera/DCIM/101GOPRO/GOPR1535.JPG,Primary,ALLFISHDATA/Primary camera/DCIM/101GOPRO,74.9,108.0,high,high,0.697,high,1,0.001731,no,confident
ALLFISHDATA/Primary camera/DCIM/101GOPRO/GOPR1550.JPG,ALLFISHDATA,Primary camera/DCIM/101GOPRO/GOPR1550.JPG,Primary,ALLFISHDATA/Primary camera/DCIM/101GOPRO,65.0,106.0,high,high,0.109,low,1,0.001625,no,fish_folders
ALLFISHDATA/Primary camera/DCIM/101GOPRO/GOPR1578.JPG,ALLFISHDATA,Primary camera/DCIM/101GOPRO/GOPR1578.JPG,Primary,ALLFISHDATA/Primary camera/DCIM/101GOPRO,63.0,83.7,mid,mid,0.631,high,1,0.005405,no,fish_folders
ALLFISHDATA/Primary camera/DCIM/101GOPRO/GOPR1590.JPG,ALLFISHDATA,Primary camera/DCIM/101GOPRO/GOPR1590.JPG,Primary,ALLFISHDATA/Primary camera/DCIM/101GOPRO,48.0,80.4,low,mid,0.601,high,2,0.013874,no,confident
ALLFISHDATA/Primary camera/DCIM/101GOPRO/GOPR1591.JPG,ALLFISHDATA,Primary camera/DCIM/101GOPRO/GOPR1591.JPG,Primary,ALLFISHDATA/Primary camera/DCIM/101GOPRO,55.1,91.1,mid,mid,0.225,low,2,0.015718,no,fish_folders
ALLFISHDATA/Primary camera/DCIM/101GOPRO/GOPR1613.JPG,ALLFISHDATA,Primary camera/DCIM/101GOPRO/GOPR1613.JPG,Primary,ALLFISHDATA/Primary camera/DCIM/101GOPRO,69.9,91.9,high,mid,0.473,mid,3,0.018579,no,fish_folders
ALLFISHDATA/Primary camera/DCIM/101GOPRO/GOPR1615.JPG,ALLFISHDATA,Primary camera/DCIM/101GOPRO/GOPR1615.JPG,Primary,ALLFISHDATA/Primary camera/DCIM/101GOPRO,71.5,97.0,high,mid,0.538,high,4,0.018587,no,fish_folders
ALLFISHDATA/Primary camera/DCIM/101GOPRO/GOPR1636.JPG,ALLFISHDATA,Primary camera/DCIM/101GOPRO/GOPR1636.JPG,Primary,ALLFISHDATA/Primary camera/DCIM/101GOPRO,47.8,91.2,low,mid,0.279,mid,1,0.017618,no,fish_folders
ALLFISHDATA/Primary camera/DCIM/101GOPRO/GOPR1638.JPG,ALLFISHDATA,Primary camera/DCIM/101GOPRO/GOPR1638.JPG,Primary,ALLFISHDATA/Primary camera/DCIM/101GOPRO,47.7,89.7,low,mid,0.546,high,3,0.017582,no,fish_folders
ALLFISHDATA/Primary camera/DCIM/101GOPRO/GOPR1669.JPG,ALLFISHDATA,Primary camera/DCIM/101GOPRO/GOPR1669.JPG,Primary,ALLFISHDATA/Primary camera/DCIM/101GOPRO,48.5,122.5,mid,high,0.900,high,1,0.307437,yes,confident
ALLFISHDATA/Primary camera/DCIM/101GOPRO/GOPR1692.JPG,ALLFISHDATA,Primary camera/DCIM/101GOPRO/GOPR1692.JPG,Primary,ALLFISHDATA/Primary camera/DCIM/101GOPRO,47.2,95.4,low,mid,0.570,high,3,0.016218,no,confident
ALLFISHDATA/Primary camera/DCIM/101GOPRO/GOPR1716.JPG,ALLFISHDATA,Primary camera/DCIM/101GOPRO/GOPR1716.JPG,Primary,ALLFISHDATA/Primary camera/DCIM/101GOPRO,73.4,99.5,high,mid,0.356,mid,3,0.017960,no,fish_folders
ALLFISHDATA/Primary camera/DCIM/101GOPRO/GOPR1717.JPG,ALLFISHDATA,Primary camera/DCIM/101GOPRO/GOPR1717.JPG,Primary,ALLFISHDATA/Primary camera/DCIM/101GOPRO,62.4,122.8,mid,high,0.618,high,1,0.003202,no,confident
ALLFISHDATA/Primary camera/DCIM/101GOPRO/GOPR1720.JPG,ALLFISHDATA,Primary camera/DCIM/101GOPRO/GOPR1720.JPG,Primary,ALLFISHDATA/Primary camera/DCIM/101GOPRO,58.6,106.8,mid,high,0.151,low,1,0.003074,no,faint
ALLFISHDATA/Primary camera/DCIM/101GOPRO/GOPR1732.JPG,ALLFISHDATA,Primary camera/DCIM/101GOPRO/GOPR1732.JPG,Primary,ALLFISHDATA/Primary camera/DCIM/101GOPRO,77.3,104.2,high,high,0.256,mid,1,0.003008,no,fish_folders
ALLFISHDATA/Primary camera/DCIM/101GOPRO/GOPR1734.JPG,ALLFISHDATA,Primary camera/DCIM/101GOPRO/GOPR1734.JPG,Primary,ALLFISHDATA/Primary camera/DCIM/101GOPRO,67.9,105.1,high,high,0.101,low,1,0.237215,yes,faint
ALLFISHDATA/Primary camera/DCIM/101GOPRO/GOPR1738.JPG,ALLFISHDATA,Primary camera/DCIM/101GOPRO/GOPR1738.JPG,Primary,ALLFISHDATA/Primary camera/DCIM/101GOPRO,57.6,113.8,mid,high,0.721,high,1,0.003202,no,fish_folders
ALLFISHDATA/Primary camera/DCIM/101GOPRO/GOPR1739.JPG,ALLFISHDATA,Primary camera/DCIM/101GOPRO/GOPR1739.JPG,Primary,ALLFISHDATA/Primary camera/DCIM/101GOPRO,77.1,114.5,high,high,0.633,high,1,0.003079,no,confident
ALLFISHDATA/Primary camera/DCIM/101GOPRO/GOPR1740.JPG,ALLFISHDATA,Primary camera/DCIM/101GOPRO/GOPR1740.JPG,Primary,ALLFISHDATA/Primary camera/DCIM/101GOPRO,72.5,105.2,high,high,0.207,low,1,0.003077,no,fish_folders
ALLFISHDATA/Primary camera/DCIM/101GOPRO/GOPR1743.JPG,ALLFISHDATA,Primary camera/DCIM/101GOPRO/GOPR1743.JPG,Primary,ALLFISHDATA/Primary camera/DCIM/101GOPRO,86.1,109.2,high,high,0.526,high,1,0.003086,no,fish_folders
ALLFISHDATA/Primary camera/DCIM/101GOPRO/GOPR1746.JPG,ALLFISHDATA,Primary camera/DCIM/101GOPRO/GOPR1746.JPG,Primary,ALLFISHDATA/Primary camera/DCIM/101GOPRO,68.8,114.1,high,high,0.490,mid,1,0.003156,no,fish_folders
ALLFISHDATA/Primary camera/DCIM/101GOPRO/GOPR1752.JPG,ALLFISHDATA,Primary camera/DCIM/101GOPRO/GOPR1752.JPG,Primary,ALLFISHDATA/Primary camera/DCIM/101GOPRO,72.5,106.4,high,high,0.474,mid,1,0.003089,no,fish_folders
ALLFISHDATA/Primary camera/DCIM/101GOPRO/GOPR1760.JPG,ALLFISHDATA,Primary camera/DCIM/101GOPRO/GOPR1760.JPG,Primary,ALLFISHDATA/Primary camera/DCIM/101GOPRO,75.8,99.3,high,mid,0.294,mid,1,0.003182,no,fish_folders
ALLFISHDATA/Primary camera/DCIM/101GOPRO/GOPR1767.JPG,ALLFISHDATA,Primary camera/DCIM/101GOPRO/GOPR1767.JPG,Primary,ALLFISHDATA/Primary camera/DCIM/101GOPRO,67.8,107.4,high,high,0.308,mid,1,0.003397,no,fish_folders
ALLFISHDATA/Primary camera/DCIM/101GOPRO/GOPR1771.JPG,ALLFISHDATA,Primary camera/DCIM/101GOPRO/GOPR1771.JPG,Primary,ALLFISHDATA/Primary camera/DCIM/101GOPRO,71.8,98.2,high,mid,0.117,low,1,0.239296,yes,faint
ALLFISHDATA/Primary camera/DCIM/101GOPRO/GOPR1775.JPG,ALLFISHDATA,Primary camera/DCIM/101GOPRO/GOPR1775.JPG,Primary,ALLFISHDATA/Primary camera/DCIM/101GOPRO,61.8,108.6,mid,high,0.239,low,1,0.003358,no,faint
ALLFISHDATA/Primary camera/DCIM/101GOPRO/GOPR1793.JPG,ALLFISHDATA,Primary camera/DCIM/101GOPRO/GOPR1793.JPG,Primary,ALLFISHDATA/Primary camera/DCIM/101GOPRO,70.6,99.4,high,mid,0.288,mid,2,0.332384,yes,fish_folders
ALLFISHDATA/Primary camera/DCIM/101GOPRO/GOPR1812.JPG,ALLFISHDATA,Primary camera/DCIM/101GOPRO/GOPR1812.JPG,Primary,ALLFISHDATA/Primary camera/DCIM/101GOPRO,72.0,104.1,high,high,0.144,low,1,0.003151,no,faint
ALLFISHDATA/Primary camera/DCIM/101GOPRO/GOPR1838.JPG,ALLFISHDATA,Primary camera/DCIM/101GOPRO/GOPR1838.JPG,Primary,ALLFISHDATA/Primary camera/DCIM/101GOPRO,74.3,98.3,high,mid,0.440,mid,1,0.391875,yes,fish_folders
ALLFISHDATA/Primary camera/DCIM/101GOPRO/GOPR1865.JPG,ALLFISHDATA,Primary camera/DCIM/101GOPRO/GOPR1865.JPG,Primary,ALLFISHDATA/Primary camera/DCIM/101GOPRO,75.2,99.8,high,mid,0.605,high,1,0.364438,yes,confident
ALLFISHDATA/Primary camera/DCIM/101GOPRO/GOPR1884.JPG,ALLFISHDATA,Primary camera/DCIM/101GOPRO/GOPR1884.JPG,Primary,ALLFISHDATA/Primary camera/DCIM/101GOPRO,68.4,96.5,high,mid,0.542,high,2,0.406100,yes,confident
ALLFISHDATA/Primary camera/DCIM/101GOPRO/GOPR1887.JPG,ALLFISHDATA,Primary camera/DCIM/101GOPRO/GOPR1887.JPG,Primary,ALLFISHDATA/Primary camera/DCIM/101GOPRO,68.6,96.3,high,mid,0.460,mid,2,0.389477,yes,fish_folders
ALLFISHDATA/Primary camera/DCIM/101GOPRO/GOPR1911.JPG,ALLFISHDATA,Primary camera/DCIM/101GOPRO/GOPR1911.JPG,Primary,ALLFISHDATA/Primary camera/DCIM/101GOPRO,51.6,94.4,mid,mid,0.538,high,2,0.409404,yes,fish_folders
ALLFISHDATA/Primary camera/DCIM/101GOPRO/GOPR1919.JPG,ALLFISHDATA,Primary camera/DCIM/101GOPRO/GOPR1919.JPG,Primary,ALLFISHDATA/Primary camera/DCIM/101GOPRO,52.1,94.0,mid,mid,0.570,high,2,0.383624,yes,fish_folders
ALLFISHDATA/Primary camera/DCIM/101GOPRO/GOPR1935.JPG,ALLFISHDATA,Primary camera/DCIM/101GOPRO/GOPR1935.JPG,Primary,ALLFISHDATA/Primary camera/DCIM/101GOPRO,53.4,93.7,mid,mid,0.584,high,3,0.363455,yes,confident
ALLFISHDATA/Primary camera/DCIM/101GOPRO/GOPR1965.JPG,ALLFISHDATA,Primary camera/DCIM/101GOPRO/GOPR1965.JPG,Primary,ALLFISHDATA/Primary camera/DCIM/101GOPRO,55.0,91.2,mid,mid,0.160,low,2,0.347981,yes,fish_folders
ALLFISHDATA/Primary camera/DCIM/101GOPRO/GOPR1973.JPG,ALLFISHDATA,Primary camera/DCIM/101GOPRO/GOPR1973.JPG,Primary,ALLFISHDATA/Primary camera/DCIM/101GOPRO,58.3,89.8,mid,mid,0.227,low,1,0.355262,yes,faint
ALLFISHDATA/Primary camera/DCIM/101GOPRO/GOPR2000.JPG,ALLFISHDATA,Primary camera/DCIM/101GOPRO/GOPR2000.JPG,Primary,ALLFISHDATA/Primary camera/DCIM/101GOPRO,62.8,87.1,mid,mid,0.390,mid,1,0.361851,yes,fish_folders
ALLFISHDATA/Primary camera/DCIM/101GOPRO/GOPR2005.JPG,ALLFISHDATA,Primary camera/DCIM/101GOPRO/GOPR2005.JPG,Primary,ALLFISHDATA/Primary camera/DCIM/101GOPRO,57.7,85.8,mid,mid,0.302,mid,2,0.321855,yes,fish_folders
ALLFISHDATA/Primary camera/DCIM/101GOPRO/GOPR2008.JPG,ALLFISHDATA,Primary camera/DCIM/101GOPRO/GOPR2008.JPG,Primary,ALLFISHDATA/Primary camera/DCIM/101GOPRO,69.4,84.7,high,mid,0.166,low,1,0.378768,yes,fish_folders
ALLFISHDATA/Primary camera/DCIM/101GOPRO/GOPR2017.JPG,ALLFISHDATA,Primary camera/DCIM/101GOPRO/GOPR2017.JPG,Primary,ALLFISHDATA/Primary camera/DCIM/101GOPRO,50.2,78.7,mid,mid,0.276,mid,2,0.387861,yes,fish_folders
ALLFISHDATA/Primary camera/DCIM/101GOPRO/GOPR2018.JPG,ALLFISHDATA,Primary camera/DCIM/101GOPRO/GOPR2018.JPG,Primary,ALLFISHDATA/Primary camera/DCIM/101GOPRO,47.3,79.0,low,mid,0.212,low,1,0.406558,yes,fish_folders
ALLFISHDATA/Primary camera/DCIM/101GOPRO/GOPR2063.JPG,ALLFISHDATA,Primary camera/DCIM/101GOPRO/GOPR2063.JPG,Primary,ALLFISHDATA/Primary camera/DCIM/101GOPRO,3.2,1.3,low,low,0.125,low,1,0.142477,yes,faint
ALLFISHDATA/Primary camera/DCIM/101GOPRO/GOPR2073.JPG,ALLFISHDATA,Primary camera/DCIM/101GOPRO/GOPR2073.JPG,Primary,ALLFISHDATA/Primary camera/DCIM/101GOPRO,2.9,0.6,low,low,0.228,low,1,0.099693,no,faint
ALLFISHDATA/Primary camera/DCIM/101GOPRO/GOPR2095.JPG,ALLFISHDATA,Primary camera/DCIM/101GOPRO/GOPR2095.JPG,Primary,ALLFISHDATA/Primary camera/DCIM/101GOPRO,2.5,0.6,low,low,0.148,low,2,0.060896,no,fish_folders
ALLFISHDATA/Primary camera/DCIM/101GOPRO/GOPR2167.JPG,ALLFISHDATA,Primary camera/DCIM/101GOPRO/GOPR2167.JPG,Primary,ALLFISHDATA/Primary camera/DCIM/101GOPRO,92.1,103.6,high,mid,0.608,high,1,0.204295,yes,fish_folders
ALLFISHDATA/Primary camera/DCIM/102GOPRO/GOPR2168.JPG,ALLFISHDATA,Primary camera/DCIM/102GOPRO/GOPR2168.JPG,Primary,ALLFISHDATA/Primary camera/DCIM/102GOPRO,92.0,103.5,high,mid,0.746,high,3,0.204379,yes,confident
ALLFISHDATA/Primary camera/DCIM/102GOPRO/GOPR2202.JPG,ALLFISHDATA,Primary camera/DCIM/102GOPRO/GOPR2202.JPG,Primary,ALLFISHDATA/Primary camera/DCIM/102GOPRO,95.9,97.5,high,mid,0.491,mid,2,0.222421,yes,hard_negatives
ALLFISHDATA/Primary camera/DCIM/102GOPRO/GOPR2207.JPG,ALLFISHDATA,Primary camera/DCIM/102GOPRO/GOPR2207.JPG,Primary,ALLFISHDATA/Primary camera/DCIM/102GOPRO,91.9,96.9,high,mid,0.594,high,1,0.206304,yes,hard_negatives
ALLFISHDATA/Primary camera/DCIM/102GOPRO/GOPR2223.JPG,ALLFISHDATA,Primary camera/DCIM/102GOPRO/GOPR2223.JPG,Primary,ALLFISHDATA/Primary camera/DCIM/102GOPRO,91.9,95.6,high,mid,0.634,high,2,0.207897,yes,confident
ALLFISHDATA/Primary camera/DCIM/102GOPRO/GOPR2225.JPG,ALLFISHDATA,Primary camera/DCIM/102GOPRO/GOPR2225.JPG,Primary,ALLFISHDATA/Primary camera/DCIM/102GOPRO,87.9,96.2,high,mid,0.384,mid,2,0.207877,yes,hard_negatives
ALLFISHDATA/Primary camera/DCIM/102GOPRO/GOPR2233.JPG,ALLFISHDATA,Primary camera/DCIM/102GOPRO/GOPR2233.JPG,Primary,ALLFISHDATA/Primary camera/DCIM/102GOPRO,89.3,96.6,high,mid,0.168,low,2,0.217124,yes,faint
ALLFISHDATA/Primary camera/DCIM/102GOPRO/GOPR2243.JPG,ALLFISHDATA,Primary camera/DCIM/102GOPRO/GOPR2243.JPG,Primary,ALLFISHDATA/Primary camera/DCIM/102GOPRO,94.8,97.4,high,mid,0.508,high,2,0.206750,yes,confident
ALLFISHDATA/Primary camera/DCIM/102GOPRO/GOPR2297.JPG,ALLFISHDATA,Primary camera/DCIM/102GOPRO/GOPR2297.JPG,Primary,ALLFISHDATA/Primary camera/DCIM/102GOPRO,84.2,89.0,high,mid,0.728,high,1,0.203970,yes,confident
ALLFISHDATA/Primary camera/DCIM/102GOPRO/GOPR2317.JPG,ALLFISHDATA,Primary camera/DCIM/102GOPRO/GOPR2317.JPG,Primary,ALLFISHDATA/Primary camera/DCIM/102GOPRO,64.1,79.9,high,mid,0.647,high,1,0.207448,yes,hard_negatives
ALLFISHDATA/Primary camera/DCIM/102GOPRO/GOPR2319.JPG,ALLFISHDATA,Primary camera/DCIM/102GOPRO/GOPR2319.JPG,Primary,ALLFISHDATA/Primary camera/DCIM/102GOPRO,62.9,78.7,mid,mid,0.642,high,1,0.207652,yes,confident
ALLFISHDATA/Primary camera/DCIM/102GOPRO/GOPR2324.JPG,ALLFISHDATA,Primary camera/DCIM/102GOPRO/GOPR2324.JPG,Primary,ALLFISHDATA/Primary camera/DCIM/102GOPRO,62.6,74.9,mid,mid,0.627,high,1,0.208351,yes,confident
ALLFISHDATA/Primary camera/DCIM/102GOPRO/GOPR2325.JPG,ALLFISHDATA,Primary camera/DCIM/102GOPRO/GOPR2325.JPG,Primary,ALLFISHDATA/Primary camera/DCIM/102GOPRO,62.7,74.0,mid,low,0.696,high,2,0.345897,yes,confident
ALLFISHDATA/Primary camera/DCIM/102GOPRO/GOPR2326.JPG,ALLFISHDATA,Primary camera/DCIM/102GOPRO/GOPR2326.JPG,Primary,ALLFISHDATA/Primary camera/DCIM/102GOPRO,61.8,74.6,mid,mid,0.624,high,2,0.208146,yes,hard_negatives
ALLFISHDATA/Primary camera/DCIM/102GOPRO/GOPR2338.JPG,ALLFISHDATA,Primary camera/DCIM/102GOPRO/GOPR2338.JPG,Primary,ALLFISHDATA/Primary camera/DCIM/102GOPRO,100.0,60.7,high,low,0.634,high,6,0.424690,yes,confident
ALLFISHDATA/Primary camera/DCIM/102GOPRO/GOPR2356.JPG,ALLFISHDATA,Primary camera/DCIM/102GOPRO/GOPR2356.JPG,Primary,ALLFISHDATA/Primary camera/DCIM/102GOPRO,10.0,2.8,low,low,0.913,high,4,0.226085,yes,hard_negatives
ALLFISHDATA/Primary camera/DCIM/102GOPRO/GOPR2358.JPG,ALLFISHDATA,Primary camera/DCIM/102GOPRO/GOPR2358.JPG,Primary,ALLFISHDATA/Primary camera/DCIM/102GOPRO,5.9,2.3,low,low,0.908,high,3,0.226883,yes,confident
ALLFISHDATA/Primary camera/DCIM/102GOPRO/GOPR2359.JPG,ALLFISHDATA,Primary camera/DCIM/102GOPRO/GOPR2359.JPG,Primary,ALLFISHDATA/Primary camera/DCIM/102GOPRO,5.1,1.6,low,low,0.920,high,2,0.223836,yes,hard_negatives
ALLFISHDATA/Primary camera/DCIM/102GOPRO/GOPR2361.JPG,ALLFISHDATA,Primary camera/DCIM/102GOPRO/GOPR2361.JPG,Primary,ALLFISHDATA/Primary camera/DCIM/102GOPRO,3.0,0.8,low,low,0.366,mid,2,0.217872,yes,hard_negatives
ALLFISHDATA/Primary camera/DCIM/102GOPRO/GOPR2363.JPG,ALLFISHDATA,Primary camera/DCIM/102GOPRO/GOPR2363.JPG,Primary,ALLFISHDATA/Primary camera/DCIM/102GOPRO,2.1,0.5,low,low,0.339,mid,1,0.042854,no,hard_negatives
ALLFISHDATA/Primary camera/DCIM/102GOPRO/GOPR2826.JPG,ALLFISHDATA,Primary camera/DCIM/102GOPRO/GOPR2826.JPG,Primary,ALLFISHDATA/Primary camera/DCIM/102GOPRO,20.4,4.8,low,low,0.910,high,6,0.343056,yes,confident
ALLFISHDATA/Primary camera/DCIM/102GOPRO/GOPR2828.JPG,ALLFISHDATA,Primary camera/DCIM/102GOPRO/GOPR2828.JPG,Primary,ALLFISHDATA/Primary camera/DCIM/102GOPRO,42.8,8.6,low,low,0.931,high,5,0.235462,yes,confident
ALLFISHDATA/Primary camera/DCIM/102GOPRO/GOPR2829.JPG,ALLFISHDATA,Primary camera/DCIM/102GOPRO/GOPR2829.JPG,Primary,ALLFISHDATA/Primary camera/DCIM/102GOPRO,102.9,104.1,high,high,0.271,mid,1,0.186861,yes,hard_negatives
ALLFISHDATA/Primary camera/DCIM/102GOPRO/GOPR2831.JPG,ALLFISHDATA,Primary camera/DCIM/102GOPRO/GOPR2831.JPG,Primary,ALLFISHDATA/Primary camera/DCIM/102GOPRO,95.3,104.5,high,high,0.459,mid,1,0.205799,yes,hard_negatives
ALLFISHDATA/Primary camera/DCIM/102GOPRO/GOPR2904.JPG,ALLFISHDATA,Primary camera/DCIM/102GOPRO/GOPR2904.JPG,Primary,ALLFISHDATA/Primary camera/DCIM/102GOPRO,65.2,91.5,high,mid,0.210,low,3,0.328043,yes,faint
ALLFISHDATA/Primary camera/DCIM/102GOPRO/GOPR2906.JPG,ALLFISHDATA,Primary camera/DCIM/102GOPRO/GOPR2906.JPG,Primary,ALLFISHDATA/Primary camera/DCIM/102GOPRO,55.1,90.9,mid,mid,0.364,mid,3,0.369682,yes,hard_negatives
ALLFISHDATA/Primary camera/DCIM/102GOPRO/GOPR2927.JPG,ALLFISHDATA,Primary camera/DCIM/102GOPRO/GOPR2927.JPG,Primary,ALLFISHDATA/Primary camera/DCIM/102GOPRO,57.4,86.1,mid,mid,0.394,mid,3,0.319838,yes,hard_negatives
ALLFISHDATA/Primary camera/DCIM/102GOPRO/GOPR2933.JPG,ALLFISHDATA,Primary camera/DCIM/102GOPRO/GOPR2933.JPG,Primary,ALLFISHDATA/Primary camera/DCIM/102GOPRO,46.1,80.7,low,mid,0.308,mid,2,0.346471,yes,hard_negatives
ALLFISHDATA/Primary camera/DCIM/102GOPRO/GOPR2936.JPG,ALLFISHDATA,Primary camera/DCIM/102GOPRO/GOPR2936.JPG,Primary,ALLFISHDATA/Primary camera/DCIM/102GOPRO,44.6,78.3,low,mid,0.166,low,2,0.330137,yes,faint
ALLFISHDATA/Primary camera/DCIM/102GOPRO/GOPR2941.JPG,ALLFISHDATA,Primary camera/DCIM/102GOPRO/GOPR2941.JPG,Primary,ALLFISHDATA/Primary camera/DCIM/102GOPRO,43.5,76.5,low,mid,0.294,mid,1,0.294800,yes,hard_negatives
ALLFISHDATA/Primary camera/DCIM/102GOPRO/GOPR2942.JPG,ALLFISHDATA,Primary camera/DCIM/102GOPRO/GOPR2942.JPG,Primary,ALLFISHDATA/Primary camera/DCIM/102GOPRO,43.9,75.4,low,mid,0.272,mid,1,0.320501,yes,hard_negatives
ALLFISHDATA/Primary camera/DCIM/102GOPRO/GOPR2943.JPG,ALLFISHDATA,Primary camera/DCIM/102GOPRO/GOPR2943.JPG,Primary,ALLFISHDATA/Primary camera/DCIM/102GOPRO,43.8,74.7,low,mid,0.434,mid,2,0.329113,yes,hard_negatives
ALLFISHDATA/Primary camera/DCIM/102GOPRO/GOPR2950.JPG,ALLFISHDATA,Primary camera/DCIM/102GOPRO/GOPR2950.JPG,Primary,ALLFISHDATA/Primary camera/DCIM/102GOPRO,45.9,85.7,low,mid,0.792,high,1,0.274512,yes,confident
ALLFISHDATA/Primary camera/DCIM/102GOPRO/GOPR2951.JPG,ALLFISHDATA,Primary camera/DCIM/102GOPRO/GOPR2951.JPG,Primary,ALLFISHDATA/Primary camera/DCIM/102GOPRO,46.2,84.8,low,mid,0.332,mid,1,0.309088,yes,hard_negatives
ALLFISHDATA/Primary camera/DCIM/102GOPRO/GOPR2952.JPG,ALLFISHDATA,Primary camera/DCIM/102GOPRO/GOPR2952.JPG,Primary,ALLFISHDATA/Primary camera/DCIM/102GOPRO,47.3,84.9,low,mid,0.395,mid,1,0.279143,yes,hard_negatives
ALLFISHDATA/Primary camera/DCIM/102GOPRO/GOPR2953.JPG,ALLFISHDATA,Primary camera/DCIM/102GOPRO/GOPR2953.JPG,Primary,ALLFISHDATA/Primary camera/DCIM/102GOPRO,47.5,84.1,low,mid,0.684,high,1,0.279642,yes,confident
ALLFISHDATA/Primary camera/DCIM/102GOPRO/GOPR2956.JPG,ALLFISHDATA,Primary camera/DCIM/102GOPRO/GOPR2956.JPG,Primary,ALLFISHDATA/Primary camera/DCIM/102GOPRO,51.6,84.2,mid,mid,0.369,mid,1,0.301600,yes,hard_negatives
ALLFISHDATA/Primary camera/DCIM/102GOPRO/GOPR2958.JPG,ALLFISHDATA,Primary camera/DCIM/102GOPRO/GOPR2958.JPG,Primary,ALLFISHDATA/Primary camera/DCIM/102GOPRO,57.4,84.0,mid,mid,0.550,high,1,0.277189,yes,confident
ALLFISHDATA/Primary camera/DCIM/102GOPRO/GOPR2961.JPG,ALLFISHDATA,Primary camera/DCIM/102GOPRO/GOPR2961.JPG,Primary,ALLFISHDATA/Primary camera/DCIM/102GOPRO,61.7,82.8,mid,mid,0.315,mid,1,0.301719,yes,hard_negatives
ALLFISHDATA/Primary camera/DCIM/102GOPRO/GOPR2965.JPG,ALLFISHDATA,Primary camera/DCIM/102GOPRO/GOPR2965.JPG,Primary,ALLFISHDATA/Primary camera/DCIM/102GOPRO,81.3,82.1,high,mid,0.673,high,1,0.277415,yes,hard_negatives
ALLFISHDATA/Primary camera/DCIM/102GOPRO/GOPR2986.JPG,ALLFISHDATA,Primary camera/DCIM/102GOPRO/GOPR2986.JPG,Primary,ALLFISHDATA/Primary camera/DCIM/102GOPRO,55.7,78.7,mid,mid,0.228,low,1,0.279839,yes,faint
ALLFISHDATA/Primary camera/DCIM/102GOPRO/GOPR2987.JPG,ALLFISHDATA,Primary camera/DCIM/102GOPRO/GOPR2987.JPG,Primary,ALLFISHDATA/Primary camera/DCIM/102GOPRO,57.5,79.1,mid,mid,0.452,mid,1,0.276689,yes,hard_negatives
ALLFISHDATA/Primary camera/DCIM/102GOPRO/GOPR2996.JPG,ALLFISHDATA,Primary camera/DCIM/102GOPRO/GOPR2996.JPG,Primary,ALLFISHDATA/Primary camera/DCIM/102GOPRO,68.1,77.2,high,mid,0.426,mid,1,0.289744,yes,hard_negatives
ALLFISHDATA/Primary camera/DCIM/102GOPRO/GOPR3052.JPG,ALLFISHDATA,Primary camera/DCIM/102GOPRO/GOPR3052.JPG,Primary,ALLFISHDATA/Primary camera/DCIM/102GOPRO,45.6,72.0,low,low,0.129,low,1,0.000642,no,faint
ALLFISHDATA/Primary camera/DCIM/102GOPRO/GOPR3073.JPG,ALLFISHDATA,Primary camera/DCIM/102GOPRO/GOPR3073.JPG,Primary,ALLFISHDATA/Primary camera/DCIM/102GOPRO,56.5,70.3,mid,low,0.297,mid,1,0.000897,no,hard_negatives
ALLFISHDATA/Primary camera/DCIM/102GOPRO/GOPR3074.JPG,ALLFISHDATA,Primary camera/DCIM/102GOPRO/GOPR3074.JPG,Primary,ALLFISHDATA/Primary camera/DCIM/102GOPRO,56.9,70.7,mid,low,0.207,low,1,0.000726,no,faint
ALLFISHDATA/Primary camera/DCIM/102GOPRO/GOPR3075.JPG,ALLFISHDATA,Primary camera/DCIM/102GOPRO/GOPR3075.JPG,Primary,ALLFISHDATA/Primary camera/DCIM/102GOPRO,57.1,70.4,mid,low,0.421,mid,1,0.000674,no,hard_negatives
ALLFISHDATA/Primary camera/DCIM/102GOPRO/GOPR3076.JPG,ALLFISHDATA,Primary camera/DCIM/102GOPRO/GOPR3076.JPG,Primary,ALLFISHDATA/Primary camera/DCIM/102GOPRO,59.0,70.7,mid,low,0.303,mid,1,0.000634,no,hard_negatives
ALLFISHDATA/Primary camera/DCIM/102GOPRO/GOPR3077.JPG,ALLFISHDATA,Primary camera/DCIM/102GOPRO/GOPR3077.JPG,Primary,ALLFISHDATA/Primary camera/DCIM/102GOPRO,58.5,70.8,mid,low,0.112,low,1,0.000546,no,faint
ALLFISHDATA/Primary camera/DCIM/102GOPRO/GOPR3090.JPG,ALLFISHDATA,Primary camera/DCIM/102GOPRO/GOPR3090.JPG,Primary,ALLFISHDATA/Primary camera/DCIM/102GOPRO,46.5,68.8,low,low,0.106,low,1,0.000290,no,faint
ALLFISHDATA/Primary camera/DCIM/102GOPRO/GOPR3095.JPG,ALLFISHDATA,Primary camera/DCIM/102GOPRO/GOPR3095.JPG,Primary,ALLFISHDATA/Primary camera/DCIM/102GOPRO,45.8,70.1,low,low,0.281,mid,1,0.000672,no,hard_negatives
ALLFISHDATA/Primary camera/DCIM/102GOPRO/GOPR3102.JPG,ALLFISHDATA,Primary camera/DCIM/102GOPRO/GOPR3102.JPG,Primary,ALLFISHDATA/Primary camera/DCIM/102GOPRO,45.2,69.6,low,low,0.265,mid,3,0.058878,no,hard_negatives
ALLFISHDATA/Primary camera/DCIM/102GOPRO/GOPR3108.JPG,ALLFISHDATA,Primary camera/DCIM/102GOPRO/GOPR3108.JPG,Primary,ALLFISHDATA/Primary camera/DCIM/102GOPRO,45.9,69.1,low,low,0.763,high,1,0.002322,no,confident
ALLFISHDATA/Primary camera/DCIM/102GOPRO/GOPR3112.JPG,ALLFISHDATA,Primary camera/DCIM/102GOPRO/GOPR3112.JPG,Primary,ALLFISHDATA/Primary camera/DCIM/102GOPRO,45.4,67.5,low,low,0.261,mid,2,0.030096,no,hard_negatives
ALLFISHDATA/Primary camera/DCIM/103GOPRO/GOPR3167.JPG,ALLFISHDATA,Primary camera/DCIM/103GOPRO/GOPR3167.JPG,Primary,ALLFISHDATA/Primary camera/DCIM/103GOPRO,44.0,64.9,low,low,0.144,low,1,0.000443,no,faint
ALLFISHDATA/Primary camera/DCIM/103GOPRO/GOPR3189.JPG,ALLFISHDATA,Primary camera/DCIM/103GOPRO/GOPR3189.JPG,Primary,ALLFISHDATA/Primary camera/DCIM/103GOPRO,59.4,62.3,mid,low,0.608,high,1,0.001370,no,confident
ALLFISHDATA/Primary camera/DCIM/103GOPRO/GOPR3209.JPG,ALLFISHDATA,Primary camera/DCIM/103GOPRO/GOPR3209.JPG,Primary,ALLFISHDATA/Primary camera/DCIM/103GOPRO,52.1,60.7,mid,low,0.286,mid,1,0.002252,no,hard_negatives
ALLFISHDATA/Primary camera/DCIM/103GOPRO/GOPR3210.JPG,ALLFISHDATA,Primary camera/DCIM/103GOPRO/GOPR3210.JPG,Primary,ALLFISHDATA/Primary camera/DCIM/103GOPRO,56.5,62.2,mid,low,0.677,high,2,0.002776,no,confident
ALLFISHDATA/Primary camera/DCIM/103GOPRO/GOPR3215.JPG,ALLFISHDATA,Primary camera/DCIM/103GOPRO/GOPR3215.JPG,Primary,ALLFISHDATA/Primary camera/DCIM/103GOPRO,60.4,61.8,mid,low,0.626,high,1,0.002242,no,hard_negatives
ALLFISHDATA/Primary camera/DCIM/103GOPRO/GOPR3217.JPG,ALLFISHDATA,Primary camera/DCIM/103GOPRO/GOPR3217.JPG,Primary,ALLFISHDATA/Primary camera/DCIM/103GOPRO,60.9,61.2,mid,low,0.126,low,1,0.000936,no,faint
ALLFISHDATA/Primary camera/DCIM/103GOPRO/GOPR3232.JPG,ALLFISHDATA,Primary camera/DCIM/103GOPRO/GOPR3232.JPG,Primary,ALLFISHDATA/Primary camera/DCIM/103GOPRO,79.0,61.5,high,low,0.528,high,2,0.001408,no,hard_negatives
ALLFISHDATA/Primary camera/DCIM/103GOPRO/GOPR3258.JPG,ALLFISHDATA,Primary camera/DCIM/103GOPRO/GOPR3258.JPG,Primary,ALLFISHDATA/Primary camera/DCIM/103GOPRO,79.3,59.4,high,low,0.786,high,2,0.002155,no,hard_negatives
ALLFISHDATA/Primary camera/DCIM/103GOPRO/GOPR3311.JPG,ALLFISHDATA,Primary camera/DCIM/103GOPRO/GOPR3311.JPG,Primary,ALLFISHDATA/Primary camera/DCIM/103GOPRO,76.8,56.2,high,low,0.334,mid,1,0.000469,no,hard_negatives
ALLFISHDATA/Primary camera/DCIM/103GOPRO/GOPR3376.JPG,ALLFISHDATA,Primary camera/DCIM/103GOPRO/GOPR3376.JPG,Primary,ALLFISHDATA/Primary camera/DCIM/103GOPRO,95.0,42.8,high,low,0.615,high,3,0.001666,no,confident
ALLFISHDATA/Primary camera/DCIM/103GOPRO/GOPR3394.JPG,ALLFISHDATA,Primary camera/DCIM/103GOPRO/GOPR3394.JPG,Primary,ALLFISHDATA/Primary camera/DCIM/103GOPRO,122.6,43.5,high,low,0.712,high,3,0.279984,yes,confident
ALLFISHDATA/Primary camera/DCIM/103GOPRO/GOPR3419.JPG,ALLFISHDATA,Primary camera/DCIM/103GOPRO/GOPR3419.JPG,Primary,ALLFISHDATA/Primary camera/DCIM/103GOPRO,118.0,38.9,high,low,0.174,low,4,0.286913,yes,faint
ALLFISHDATA/Primary camera/DCIM/103GOPRO/GOPR3443.JPG,ALLFISHDATA,Primary camera/DCIM/103GOPRO/GOPR3443.JPG,Primary,ALLFISHDATA/Primary camera/DCIM/103GOPRO,83.6,44.9,high,low,0.683,high,1,0.287381,yes,hard_negatives
ALLFISHDATA/Primary camera/DCIM/103GOPRO/GOPR3459.JPG,ALLFISHDATA,Primary camera/DCIM/103GOPRO/GOPR3459.JPG,Primary,ALLFISHDATA/Primary camera/DCIM/103GOPRO,56.5,70.8,mid,low,0.410,mid,1,0.001986,no,hard_negatives
ALLFISHDATA/Primary camera/DCIM/103GOPRO/GOPR3462.JPG,ALLFISHDATA,Primary camera/DCIM/103GOPRO/GOPR3462.JPG,Primary,ALLFISHDATA/Primary camera/DCIM/103GOPRO,40.9,73.9,low,low,0.376,mid,3,0.296980,yes,hard_negatives
ALLFISHDATA/Primary camera/DCIM/103GOPRO/GOPR3477.JPG,ALLFISHDATA,Primary camera/DCIM/103GOPRO/GOPR3477.JPG,Primary,ALLFISHDATA/Primary camera/DCIM/103GOPRO,66.8,88.0,high,mid,0.768,high,3,0.042176,no,confident
ALLFISHDATA/Primary camera/DCIM/103GOPRO/GOPR3479.JPG,ALLFISHDATA,Primary camera/DCIM/103GOPRO/GOPR3479.JPG,Primary,ALLFISHDATA/Primary camera/DCIM/103GOPRO,53.4,88.9,mid,mid,0.246,low,1,0.028373,no,faint
ALLFISHDATA/Primary camera/DCIM/103GOPRO/GOPR3487.JPG,ALLFISHDATA,Primary camera/DCIM/103GOPRO/GOPR3487.JPG,Primary,ALLFISHDATA/Primary camera/DCIM/103GOPRO,88.7,91.6,high,mid,0.309,mid,1,0.317597,yes,hard_negatives
ALLFISHDATA/Primary camera/DCIM/103GOPRO/GOPR3490.JPG,ALLFISHDATA,Primary camera/DCIM/103GOPRO/GOPR3490.JPG,Primary,ALLFISHDATA/Primary camera/DCIM/103GOPRO,66.6,92.5,high,mid,0.816,high,2,0.382468,yes,hard_negatives
ALLFISHDATA/Primary camera/DCIM/103GOPRO/GOPR3504.JPG,ALLFISHDATA,Primary camera/DCIM/103GOPRO/GOPR3504.JPG,Primary,ALLFISHDATA/Primary camera/DCIM/103GOPRO,60.7,101.2,mid,mid,0.690,high,3,0.125939,yes,hard_negatives
ALLFISHDATA/Primary camera/DCIM/103GOPRO/GOPR3505.JPG,ALLFISHDATA,Primary camera/DCIM/103GOPRO/GOPR3505.JPG,Primary,ALLFISHDATA/Primary camera/DCIM/103GOPRO,62.7,101.2,mid,mid,0.758,high,2,0.133124,yes,confident
ALLFISHDATA/Primary camera/DCIM/103GOPRO/GOPR3509.JPG,ALLFISHDATA,Primary camera/DCIM/103GOPRO/GOPR3509.JPG,Primary,ALLFISHDATA/Primary camera/DCIM/103GOPRO,63.4,103.1,high,mid,0.123,low,1,0.283131,yes,faint
ALLFISHDATA/Primary camera/DCIM/103GOPRO/GOPR3510.JPG,ALLFISHDATA,Primary camera/DCIM/103GOPRO/GOPR3510.JPG,Primary,ALLFISHDATA/Primary camera/DCIM/103GOPRO,61.4,103.7,mid,mid,0.467,mid,3,0.164271,yes,hard_negatives
ALLFISHDATA/Primary camera/DCIM/103GOPRO/GOPR3545.JPG,ALLFISHDATA,Primary camera/DCIM/103GOPRO/GOPR3545.JPG,Primary,ALLFISHDATA/Primary camera/DCIM/103GOPRO,53.3,108.3,mid,high,0.492,mid,3,0.032853,no,hard_negatives
ALLFISHDATA/Primary camera/DCIM/103GOPRO/GOPR3550.JPG,ALLFISHDATA,Primary camera/DCIM/103GOPRO/GOPR3550.JPG,Primary,ALLFISHDATA/Primary camera/DCIM/103GOPRO,50.7,108.4,mid,high,0.665,high,3,0.115128,yes,confident
ALLFISHDATA/Primary camera/DCIM/103GOPRO/GOPR3558.JPG,ALLFISHDATA,Primary camera/DCIM/103GOPRO/GOPR3558.JPG,Primary,ALLFISHDATA/Primary camera/DCIM/103GOPRO,44.7,108.6,low,high,0.817,high,1,0.037308,no,confident
ALLFISHDATA/Primary camera/DCIM/103GOPRO/GOPR3572.JPG,ALLFISHDATA,Primary camera/DCIM/103GOPRO/GOPR3572.JPG,Primary,ALLFISHDATA/Primary camera/DCIM/103GOPRO,63.3,112.1,high,high,0.563,high,1,0.026013,no,confident
ALLFISHDATA/Primary camera/DCIM/103GOPRO/GOPR3575.JPG,ALLFISHDATA,Primary camera/DCIM/103GOPRO/GOPR3575.JPG,Primary,ALLFISHDATA/Primary camera/DCIM/103GOPRO,61.2,111.4,mid,high,0.612,high,1,0.032528,no,hard_negatives
ALLFISHDATA/Primary camera/DCIM/103GOPRO/GOPR3580.JPG,ALLFISHDATA,Primary camera/DCIM/103GOPRO/GOPR3580.JPG,Primary,ALLFISHDATA/Primary camera/DCIM/103GOPRO,64.9,111.2,high,high,0.349,mid,1,0.012911,no,hard_negatives
ALLFISHDATA/Primary camera/DCIM/103GOPRO/GOPR3589.JPG,ALLFISHDATA,Primary camera/DCIM/103GOPRO/GOPR3589.JPG,Primary,ALLFISHDATA/Primary camera/DCIM/103GOPRO,63.6,110.9,high,high,0.269,mid,1,0.012506,no,hard_negatives
ALLFISHDATA/Primary camera/DCIM/103GOPRO/GOPR3627.JPG,ALLFISHDATA,Primary camera/DCIM/103GOPRO/GOPR3627.JPG,Primary,ALLFISHDATA/Primary camera/DCIM/103GOPRO,67.8,107.1,high,high,0.405,mid,2,0.011716,no,hard_negatives
ALLFISHDATA/Primary camera/DCIM/103GOPRO/GOPR3656.JPG,ALLFISHDATA,Primary camera/DCIM/103GOPRO/GOPR3656.JPG,Primary,ALLFISHDATA/Primary camera/DCIM/103GOPRO,63.1,113.4,high,high,0.323,mid,1,0.213490,yes,hard_negatives
ALLFISHDATA/Primary camera/DCIM/103GOPRO/GOPR3666.JPG,ALLFISHDATA,Primary camera/DCIM/103GOPRO/GOPR3666.JPG,Primary,ALLFISHDATA/Primary camera/DCIM/103GOPRO,63.4,112.0,high,high,0.185,low,1,0.008537,no,faint
ALLFISHDATA/Primary camera/DCIM/103GOPRO/GOPR3681.JPG,ALLFISHDATA,Primary camera/DCIM/103GOPRO/GOPR3681.JPG,Primary,ALLFISHDATA/Primary camera/DCIM/103GOPRO,43.3,107.5,low,high,0.472,mid,2,0.039226,no,hard_negatives
ALLFISHDATA/Primary camera/DCIM/103GOPRO/GOPR3684.JPG,ALLFISHDATA,Primary camera/DCIM/103GOPRO/GOPR3684.JPG,Primary,ALLFISHDATA/Primary camera/DCIM/103GOPRO,41.7,115.5,low,high,0.715,high,3,0.009120,no,hard_negatives
ALLFISHDATA/Primary camera/DCIM/103GOPRO/GOPR3703.JPG,ALLFISHDATA,Primary camera/DCIM/103GOPRO/GOPR3703.JPG,Primary,ALLFISHDATA/Primary camera/DCIM/103GOPRO,40.5,113.1,low,high,0.681,high,3,0.017978,no,confident
ALLFISHDATA/Primary camera/DCIM/103GOPRO/GOPR3775.JPG,ALLFISHDATA,Primary camera/DCIM/103GOPRO/GOPR3775.JPG,Primary,ALLFISHDATA/Primary camera/DCIM/103GOPRO,65.2,99.6,high,mid,0.262,mid,1,0.142732,yes,hard_negatives
ALLFISHDATA/Primary camera/DCIM/103GOPRO/GOPR3829.JPG,ALLFISHDATA,Primary camera/DCIM/103GOPRO/GOPR3829.JPG,Primary,ALLFISHDATA/Primary camera/DCIM/103GOPRO,55.4,105.9,mid,high,0.604,high,2,0.115792,yes,confident
ALLFISHDATA/Primary camera/DCIM/103GOPRO/GOPR3835.JPG,ALLFISHDATA,Primary camera/DCIM/103GOPRO/GOPR3835.JPG,Primary,ALLFISHDATA/Primary camera/DCIM/103GOPRO,63.4,102.7,high,mid,0.630,high,1,0.338463,yes,confident
ALLFISHDATA/Primary camera/DCIM/103GOPRO/GOPR3887.JPG,ALLFISHDATA,Primary camera/DCIM/103GOPRO/GOPR3887.JPG,Primary,ALLFISHDATA/Primary camera/DCIM/103GOPRO,50.2,112.1,mid,high,0.365,mid,1,0.175575,yes,hard_negatives
ALLFISHDATA/Primary camera/DCIM/103GOPRO/GOPR3894.JPG,ALLFISHDATA,Primary camera/DCIM/103GOPRO/GOPR3894.JPG,Primary,ALLFISHDATA/Primary camera/DCIM/103GOPRO,62.9,118.3,mid,high,0.616,high,1,0.002025,no,hard_negatives
ALLFISHDATA/Primary camera/DCIM/103GOPRO/GOPR3898.JPG,ALLFISHDATA,Primary camera/DCIM/103GOPRO/GOPR3898.JPG,Primary,ALLFISHDATA/Primary camera/DCIM/103GOPRO,49.9,108.0,mid,high,0.232,low,1,0.001895,no,faint
ALLFISHDATA/Primary camera/DCIM/103GOPRO/GOPR3903.JPG,ALLFISHDATA,Primary camera/DCIM/103GOPRO/GOPR3903.JPG,Primary,ALLFISHDATA/Primary camera/DCIM/103GOPRO,43.8,115.2,low,high,0.261,mid,2,0.021684,no,hard_negatives
ALLFISHDATA/Primary camera/DCIM/103GOPRO/GOPR3905.JPG,ALLFISHDATA,Primary camera/DCIM/103GOPRO/GOPR3905.JPG,Primary,ALLFISHDATA/Primary camera/DCIM/103GOPRO,43.5,116.5,low,high,0.623,high,2,0.032232,no,hard_negatives
ALLFISHDATA/Primary camera/DCIM/103GOPRO/GOPR3920.JPG,ALLFISHDATA,Primary camera/DCIM/103GOPRO/GOPR3920.JPG,Primary,ALLFISHDATA/Primary camera/DCIM/103GOPRO,37.2,98.2,low,mid,0.642,high,2,0.326835,yes,confident
ALLFISHDATA/Primary camera/DCIM/103GOPRO/GOPR3939.JPG,ALLFISHDATA,Primary camera/DCIM/103GOPRO/GOPR3939.JPG,Primary,ALLFISHDATA/Primary camera/DCIM/103GOPRO,46.0,100.9,low,mid,0.239,low,1,0.037615,no,faint
ALLFISHDATA/Primary camera/DCIM/103GOPRO/GOPR3969.JPG,ALLFISHDATA,Primary camera/DCIM/103GOPRO/GOPR3969.JPG,Primary,ALLFISHDATA/Primary camera/DCIM/103GOPRO,38.7,103.7,low,mid,0.370,mid,1,0.376337,yes,hard_negatives
ALLFISHDATA/Primary camera/DCIM/103GOPRO/GOPR3998.JPG,ALLFISHDATA,Primary camera/DCIM/103GOPRO/GOPR3998.JPG,Primary,ALLFISHDATA/Primary camera/DCIM/103GOPRO,44.2,98.8,low,mid,0.778,high,3,0.366677,yes,hard_negatives
ALLFISHDATA/Primary camera/DCIM/103GOPRO/GOPR4008.JPG,ALLFISHDATA,Primary camera/DCIM/103GOPRO/GOPR4008.JPG,Primary,ALLFISHDATA/Primary camera/DCIM/103GOPRO,59.2,100.7,mid,mid,0.716,high,3,0.372919,yes,hard_negatives
ALLFISHDATA/Primary camera/DCIM/103GOPRO/GOPR4014.JPG,ALLFISHDATA,Primary camera/DCIM/103GOPRO/GOPR4014.JPG,Primary,ALLFISHDATA/Primary camera/DCIM/103GOPRO,61.8,102.1,mid,mid,0.608,high,1,0.043955,no,confident
ALLFISHDATA/Primary camera/DCIM/103GOPRO/GOPR4036.JPG,ALLFISHDATA,Primary camera/DCIM/103GOPRO/GOPR4036.JPG,Primary,ALLFISHDATA/Primary camera/DCIM/103GOPRO,41.7,97.2,low,mid,0.551,high,2,0.342512,yes,confident
ALLFISHDATA/Primary camera/DCIM/103GOPRO/GOPR4081.JPG,ALLFISHDATA,Primary camera/DCIM/103GOPRO/GOPR4081.JPG,Primary,ALLFISHDATA/Primary camera/DCIM/103GOPRO,41.6,98.1,low,mid,0.655,high,1,0.339658,yes,hard_negatives
ALLFISHDATA/Primary camera/DCIM/103GOPRO/GOPR4111.JPG,ALLFISHDATA,Primary camera/DCIM/103GOPRO/GOPR4111.JPG,Primary,ALLFISHDATA/Primary camera/DCIM/103GOPRO,41.3,106.8,low,high,0.103,low,1,0.040278,no,faint
ALLFISHDATA/Primary camera/DCIM/103GOPRO/GOPR4120.JPG,ALLFISHDATA,Primary camera/DCIM/103GOPRO/GOPR4120.JPG,Primary,ALLFISHDATA/Primary camera/DCIM/103GOPRO,39.2,9.7,low,low,0.315,mid,1,0.191091,yes,hard_negatives
ALLFISHDATA/Primary camera/DCIM/104GOPROSOURCE/GOPR4540.JPG,ALLFISHDATA,Primary camera/DCIM/104GOPROSOURCE/GOPR4540.JPG,Primary,ALLFISHDATA/Primary camera/DCIM/104GOPROSOURCE,74.8,66.8,high,low,0.785,high,1,0.321152,yes,confident
ALLFISHDATA/Primary camera/DCIM/104GOPROSOURCE/GOPR4541.JPG,ALLFISHDATA,Primary camera/DCIM/104GOPROSOURCE/GOPR4541.JPG,Primary,ALLFISHDATA/Primary camera/DCIM/104GOPROSOURCE,77.3,69.9,high,low,0.730,high,1,0.239104,yes,fish_folders
ALLFISHDATA/Primary camera/DCIM/104GOPROSOURCE/GOPR4542.JPG,ALLFISHDATA,Primary camera/DCIM/104GOPROSOURCE/GOPR4542.JPG,Primary,ALLFISHDATA/Primary camera/DCIM/104GOPROSOURCE,78.7,72.5,high,low,0.410,mid,1,0.259076,yes,fish_folders
ALLFISHDATA/Primary camera/DCIM/104GOPROSOURCE/GOPR4543.JPG,ALLFISHDATA,Primary camera/DCIM/104GOPROSOURCE/GOPR4543.JPG,Primary,ALLFISHDATA/Primary camera/DCIM/104GOPROSOURCE,75.1,69.4,high,low,0.666,high,1,0.287897,yes,fish_folders
ALLFISHDATA/Primary camera/DCIM/104GOPROSOURCE/GOPR4544.JPG,ALLFISHDATA,Primary camera/DCIM/104GOPROSOURCE/GOPR4544.JPG,Primary,ALLFISHDATA/Primary camera/DCIM/104GOPROSOURCE,76.0,67.2,high,low,0.294,mid,2,0.216407,yes,fish_folders
ALLFISHDATA/Primary camera/DCIM/104GOPROSOURCE/GOPR4545.JPG,ALLFISHDATA,Primary camera/DCIM/104GOPROSOURCE/GOPR4545.JPG,Primary,ALLFISHDATA/Primary camera/DCIM/104GOPROSOURCE,74.8,72.4,high,low,0.624,high,1,0.182382,yes,fish_folders
ALLFISHDATA/Primary camera/DCIM/104GOPROSOURCE/GOPR4546.JPG,ALLFISHDATA,Primary camera/DCIM/104GOPROSOURCE/GOPR4546.JPG,Primary,ALLFISHDATA/Primary camera/DCIM/104GOPROSOURCE,72.9,70.3,high,low,0.750,high,1,0.229703,yes,confident
ALLFISHDATA/Primary camera/DCIM/104GOPROSOURCE/GOPR4547.JPG,ALLFISHDATA,Primary camera/DCIM/104GOPROSOURCE/GOPR4547.JPG,Primary,ALLFISHDATA/Primary camera/DCIM/104GOPROSOURCE,75.0,70.3,high,low,0.660,high,1,0.281178,yes,fish_folders
ALLFISHDATA/Primary camera/DCIM/104GOPROSOURCE/GOPR4559.JPG,ALLFISHDATA,Primary camera/DCIM/104GOPROSOURCE/GOPR4559.JPG,Primary,ALLFISHDATA/Primary camera/DCIM/104GOPROSOURCE,46.7,67.8,low,low,0.362,mid,2,0.385399,yes,fish_folders
ALLFISHDATA/Primary camera/DCIM/104GOPROSOURCE/GOPR4560.JPG,ALLFISHDATA,Primary camera/DCIM/104GOPROSOURCE/GOPR4560.JPG,Primary,ALLFISHDATA/Primary camera/DCIM/104GOPROSOURCE,47.1,68.6,low,low,0.143,low,2,0.431107,yes,fish_folders
ALLFISHDATA/Primary camera/DCIM/104GOPROSOURCE/GOPR4563.JPG,ALLFISHDATA,Primary camera/DCIM/104GOPROSOURCE/GOPR4563.JPG,Primary,ALLFISHDATA/Primary camera/DCIM/104GOPROSOURCE,46.9,72.0,low,low,0.126,low,1,0.364758,yes,fish_folders
ALLFISHDATA/Primary camera/DCIM/104GOPROSOURCE/GOPR4564.JPG,ALLFISHDATA,Primary camera/DCIM/104GOPROSOURCE/GOPR4564.JPG,Primary,ALLFISHDATA/Primary camera/DCIM/104GOPROSOURCE,46.8,73.2,low,low,0.334,mid,1,0.361247,yes,fish_folders
ALLFISHDATA/Primary camera/DCIM/104GOPROSOURCE/GOPR4569.JPG,ALLFISHDATA,Primary camera/DCIM/104GOPROSOURCE/GOPR4569.JPG,Primary,ALLFISHDATA/Primary camera/DCIM/104GOPROSOURCE,45.9,73.5,low,low,0.147,low,2,0.394536,yes,fish_folders
ALLFISHDATA/Primary camera/DCIM/104GOPROSOURCE/GOPR4574.JPG,ALLFISHDATA,Primary camera/DCIM/104GOPROSOURCE/GOPR4574.JPG,Primary,ALLFISHDATA/Primary camera/DCIM/104GOPROSOURCE,46.4,74.7,low,mid,0.300,mid,2,0.377580,yes,fish_folders
ALLFISHDATA/Primary camera/DCIM/104GOPROSOURCE/GOPR4576.JPG,ALLFISHDATA,Primary camera/DCIM/104GOPROSOURCE/GOPR4576.JPG,Primary,ALLFISHDATA/Primary camera/DCIM/104GOPROSOURCE,44.9,75.6,low,mid,0.312,mid,2,0.360992,yes,fish_folders
ALLFISHDATA/Primary camera/DCIM/104GOPROSOURCE/GOPR4580.JPG,ALLFISHDATA,Primary camera/DCIM/104GOPROSOURCE/GOPR4580.JPG,Primary,ALLFISHDATA/Primary camera/DCIM/104GOPROSOURCE,47.7,77.0,low,mid,0.104,low,2,0.384037,yes,faint
ALLFISHDATA/Primary camera/DCIM/104GOPROSOURCE/GOPR4587.JPG,ALLFISHDATA,Primary camera/DCIM/104GOPROSOURCE/GOPR4587.JPG,Primary,ALLFISHDATA/Primary camera/DCIM/104GOPROSOURCE,44.6,74.4,low,mid,0.747,high,3,0.389630,yes,confident
ALLFISHDATA/Primary camera/DCIM/104GOPROSOURCE/GOPR4589.JPG,ALLFISHDATA,Primary camera/DCIM/104GOPROSOURCE/GOPR4589.JPG,Primary,ALLFISHDATA/Primary camera/DCIM/104GOPROSOURCE,45.1,74.2,low,low,0.610,high,3,0.373849,yes,confident
ALLFISHDATA/Primary camera/DCIM/104GOPROSOURCE/GOPR4595.JPG,ALLFISHDATA,Primary camera/DCIM/104GOPROSOURCE/GOPR4595.JPG,Primary,ALLFISHDATA/Primary camera/DCIM/104GOPROSOURCE,44.6,76.2,low,mid,0.657,high,4,0.400165,yes,confident
ALLFISHDATA/Primary camera/DCIM/104GOPROSOURCE/GOPR4596.JPG,ALLFISHDATA,Primary camera/DCIM/104GOPROSOURCE/GOPR4596.JPG,Primary,ALLFISHDATA/Primary camera/DCIM/104GOPROSOURCE,45.4,76.9,low,mid,0.496,mid,4,0.390775,yes,fish_folders
ALLFISHDATA/Primary camera/DCIM/104GOPROSOURCE/GOPR4599.JPG,ALLFISHDATA,Primary camera/DCIM/104GOPROSOURCE/GOPR4599.JPG,Primary,ALLFISHDATA/Primary camera/DCIM/104GOPROSOURCE,45.4,76.7,low,mid,0.703,high,4,0.382387,yes,fish_folders
ALLFISHDATA/Primary camera/DCIM/104GOPROSOURCE/GOPR4600.JPG,ALLFISHDATA,Primary camera/DCIM/104GOPROSOURCE/GOPR4600.JPG,Primary,ALLFISHDATA/Primary camera/DCIM/104GOPROSOURCE,44.9,77.4,low,mid,0.602,high,4,0.381447,yes,fish_folders
ALLFISHDATA/Primary camera/DCIM/104GOPROSOURCE/GOPR4604.JPG,ALLFISHDATA,Primary camera/DCIM/104GOPROSOURCE/GOPR4604.JPG,Primary,ALLFISHDATA/Primary camera/DCIM/104GOPROSOURCE,46.9,77.8,low,mid,0.660,high,4,0.380134,yes,fish_folders
ALLFISHDATA/Primary camera/DCIM/104GOPROSOURCE/GOPR4605.JPG,ALLFISHDATA,Primary camera/DCIM/104GOPROSOURCE/GOPR4605.JPG,Primary,ALLFISHDATA/Primary camera/DCIM/104GOPROSOURCE,48.5,77.6,mid,mid,0.776,high,3,0.385072,yes,fish_folders
ALLFISHDATA/Primary camera/DCIM/104GOPROSOURCE/GOPR4610.JPG,ALLFISHDATA,Primary camera/DCIM/104GOPROSOURCE/GOPR4610.JPG,Primary,ALLFISHDATA/Primary camera/DCIM/104GOPROSOURCE,45.6,79.4,low,mid,0.476,mid,3,0.389988,yes,fish_folders
ALLFISHDATA/Primary camera/DCIM/104GOPROSOURCE/GOPR4612.JPG,ALLFISHDATA,Primary camera/DCIM/104GOPROSOURCE/GOPR4612.JPG,Primary,ALLFISHDATA/Primary camera/DCIM/104GOPROSOURCE,46.1,79.6,low,mid,0.616,high,4,0.380479,yes,fish_folders
ALLFISHDATA/Primary camera/DCIM/104GOPROSOURCE/GOPR4615.JPG,ALLFISHDATA,Primary camera/DCIM/104GOPROSOURCE/GOPR4615.JPG,Primary,ALLFISHDATA/Primary camera/DCIM/104GOPROSOURCE,78.3,82.9,high,mid,0.649,high,4,0.382645,yes,fish_folders
ALLFISHDATA/Primary camera/DCIM/104GOPROSOURCE/GOPR4629.JPG,ALLFISHDATA,Primary camera/DCIM/104GOPROSOURCE/GOPR4629.JPG,Primary,ALLFISHDATA/Primary camera/DCIM/104GOPROSOURCE,53.5,86.6,mid,mid,0.625,high,2,0.392556,yes,fish_folders
ALLFISHDATA/Primary camera/DCIM/104GOPROSOURCE/GOPR4634.JPG,ALLFISHDATA,Primary camera/DCIM/104GOPROSOURCE/GOPR4634.JPG,Primary,ALLFISHDATA/Primary camera/DCIM/104GOPROSOURCE,80.9,86.8,high,mid,0.599,high,3,0.377993,yes,fish_folders
ALLFISHDATA/Primary camera/DCIM/104GOPROSOURCE/GOPR4636.JPG,ALLFISHDATA,Primary camera/DCIM/104GOPROSOURCE/GOPR4636.JPG,Primary,ALLFISHDATA/Primary camera/DCIM/104GOPROSOURCE,52.1,86.8,mid,mid,0.538,high,3,0.391875,yes,confident
ALLFISHDATA/Primary camera/DCIM/104GOPROSOURCE/GOPR4637.JPG,ALLFISHDATA,Primary camera/DCIM/104GOPROSOURCE/GOPR4637.JPG,Primary,ALLFISHDATA/Primary camera/DCIM/104GOPROSOURCE,59.1,87.1,mid,mid,0.518,high,2,0.373014,yes,confident
ALLFISHDATA/Primary camera/DCIM/104GOPROSOURCE/GOPR4639.JPG,ALLFISHDATA,Primary camera/DCIM/104GOPROSOURCE/GOPR4639.JPG,Primary,ALLFISHDATA/Primary camera/DCIM/104GOPROSOURCE,74.6,87.4,high,mid,0.531,high,3,0.391352,yes,confident
ALLFISHDATA/Primary camera/DCIM/104GOPROSOURCE/GOPR4640.JPG,ALLFISHDATA,Primary camera/DCIM/104GOPROSOURCE/GOPR4640.JPG,Primary,ALLFISHDATA/Primary camera/DCIM/104GOPROSOURCE,66.3,87.3,high,mid,0.403,mid,2,0.412286,yes,fish_folders
ALLFISHDATA/Primary camera/DCIM/104GOPROSOURCE/GOPR4642.JPG,ALLFISHDATA,Primary camera/DCIM/104GOPROSOURCE/GOPR4642.JPG,Primary,ALLFISHDATA/Primary camera/DCIM/104GOPROSOURCE,78.1,86.4,high,mid,0.384,mid,3,0.377796,yes,fish_folders
ALLFISHDATA/Primary camera/DCIM/104GOPROSOURCE/GOPR4649.JPG,ALLFISHDATA,Primary camera/DCIM/104GOPROSOURCE/GOPR4649.JPG,Primary,ALLFISHDATA/Primary camera/DCIM/104GOPROSOURCE,88.4,86.2,high,mid,0.605,high,3,0.386044,yes,confident
ALLFISHDATA/Primary camera/DCIM/104GOPROSOURCE/GOPR4650.JPG,ALLFISHDATA,Primary camera/DCIM/104GOPROSOURCE/GOPR4650.JPG,Primary,ALLFISHDATA/Primary camera/DCIM/104GOPROSOURCE,52.5,86.0,mid,mid,0.448,mid,3,0.378163,yes,fish_folders
ALLFISHDATA/Primary camera/DCIM/104GOPROSOURCE/GOPR4651.JPG,ALLFISHDATA,Primary camera/DCIM/104GOPROSOURCE/GOPR4651.JPG,Primary,ALLFISHDATA/Primary camera/DCIM/104GOPROSOURCE,50.9,86.0,mid,mid,0.222,low,2,0.353817,yes,faint
ALLFISHDATA/Primary camera/DCIM/104GOPROSOURCE/GOPR4656.JPG,ALLFISHDATA,Primary camera/DCIM/104GOPROSOURCE/GOPR4656.JPG,Primary,ALLFISHDATA/Primary camera/DCIM/104GOPROSOURCE,63.8,87.4,high,mid,0.428,mid,2,0.378019,yes,fish_folders
ALLFISHDATA/Primary camera/DCIM/104GOPROSOURCE/GOPR4669.JPG,ALLFISHDATA,Primary camera/DCIM/104GOPROSOURCE/GOPR4669.JPG,Primary,ALLFISHDATA/Primary camera/DCIM/104GOPROSOURCE,53.9,91.2,mid,mid,0.340,mid,2,0.380993,yes,fish_folders
ALLFISHDATA/Primary camera/DCIM/104GOPROSOURCE/GOPR4688.JPG,ALLFISHDATA,Primary camera/DCIM/104GOPROSOURCE/GOPR4688.JPG,Primary,ALLFISHDATA/Primary camera/DCIM/104GOPROSOURCE,65.3,95.3,high,mid,0.210,low,1,0.385535,yes,fish_folders
ALLFISHDATA/Primary camera/DCIM/104GOPROSOURCE/GOPR4700.JPG,ALLFISHDATA,Primary camera/DCIM/104GOPROSOURCE/GOPR4700.JPG,Primary,ALLFISHDATA/Primary camera/DCIM/104GOPROSOURCE,59.5,96.3,mid,mid,0.162,low,1,0.380520,yes,fish_folders
ALLFISHDATA/Primary camera/DCIM/104GOPROSOURCE/GOPR4707.JPG,ALLFISHDATA,Primary camera/DCIM/104GOPROSOURCE/GOPR4707.JPG,Primary,ALLFISHDATA/Primary camera/DCIM/104GOPROSOURCE,61.0,96.2,mid,mid,0.323,mid,1,0.371437,yes,fish_folders
ALLFISHDATA/Primary camera/DCIM/104GOPROSOURCE/GOPR4710.JPG,ALLFISHDATA,Primary camera/DCIM/104GOPROSOURCE/GOPR4710.JPG,Primary,ALLFISHDATA/Primary camera/DCIM/104GOPROSOURCE,60.2,94.7,mid,mid,0.151,low,2,0.380066,yes,fish_folders
ALLFISHDATA/Primary camera/DCIM/104GOPROSOURCE/GOPR4711.JPG,ALLFISHDATA,Primary camera/DCIM/104GOPROSOURCE/GOPR4711.JPG,Primary,ALLFISHDATA/Primary camera/DCIM/104GOPROSOURCE,60.8,93.8,mid,mid,0.459,mid,3,0.377298,yes,fish_folders
ALLFISHDATA/Primary camera/DCIM/104GOPROSOURCE/GOPR4721.JPG,ALLFISHDATA,Primary camera/DCIM/104GOPROSOURCE/GOPR4721.JPG,Primary,ALLFISHDATA/Primary camera/DCIM/104GOPROSOURCE,64.7,96.0,high,mid,0.130,low,1,0.372366,yes,fish_folders
ALLFISHDATA/Primary camera/DCIM/104GOPROSOURCE/GOPR4723.JPG,ALLFISHDATA,Primary camera/DCIM/104GOPROSOURCE/GOPR4723.JPG,Primary,ALLFISHDATA/Primary camera/DCIM/104GOPROSOURCE,64.5,97.2,high,mid,0.179,low,2,0.376522,yes,faint
ALLFISHDATA/Primary camera/DCIM/104GOPROSOURCE/GOPR4794.JPG,ALLFISHDATA,Primary camera/DCIM/104GOPROSOURCE/GOPR4794.JPG,Primary,ALLFISHDATA/Primary camera/DCIM/104GOPROSOURCE,56.2,105.9,mid,high,0.761,high,32,0.020925,no,confident
ALLFISHDATA/Primary camera/DCIM/104GOPROSOURCE/GOPR4795.JPG,ALLFISHDATA,Primary camera/DCIM/104GOPROSOURCE/GOPR4795.JPG,Primary,ALLFISHDATA/Primary camera/DCIM/104GOPROSOURCE,86.5,120.2,high,high,0.876,high,12,0.209400,yes,confident
ALLFISHDATA/Primary camera/DCIM/104GOPROSOURCE/GOPR4796.JPG,ALLFISHDATA,Primary camera/DCIM/104GOPROSOURCE/GOPR4796.JPG,Primary,ALLFISHDATA/Primary camera/DCIM/104GOPROSOURCE,75.0,106.0,high,high,0.782,high,47,0.009057,no,confident
ALLFISHDATA/Primary camera/DCIM/104GOPROSOURCE/GOPR4829.JPG,ALLFISHDATA,Primary camera/DCIM/104GOPROSOURCE/GOPR4829.JPG,Primary,ALLFISHDATA/Primary camera/DCIM/104GOPROSOURCE,64.2,100.2,high,mid,0.158,low,1,0.001437,no,fish_folders
ALLFISHDATA/Primary camera/DCIM/104GOPROSOURCE/GOPR4834.JPG,ALLFISHDATA,Primary camera/DCIM/104GOPROSOURCE/GOPR4834.JPG,Primary,ALLFISHDATA/Primary camera/DCIM/104GOPROSOURCE,70.1,104.7,high,high,0.470,mid,1,0.319177,yes,fish_folders
ALLFISHDATA/Primary camera/DCIM/104GOPROSOURCE/GOPR4848.JPG,ALLFISHDATA,Primary camera/DCIM/104GOPROSOURCE/GOPR4848.JPG,Primary,ALLFISHDATA/Primary camera/DCIM/104GOPROSOURCE,55.5,104.1,mid,high,0.114,low,1,0.382788,yes,fish_folders
ALLFISHDATA/Primary camera/DCIM/104GOPROSOURCE/GOPR4851.JPG,ALLFISHDATA,Primary camera/DCIM/104GOPROSOURCE/GOPR4851.JPG,Primary,ALLFISHDATA/Primary camera/DCIM/104GOPROSOURCE,72.7,105.0,high,high,0.196,low,1,0.044462,no,fish_folders
ALLFISHDATA/Primary camera/DCIM/104GOPROSOURCE/GOPR4863.JPG,ALLFISHDATA,Primary camera/DCIM/104GOPROSOURCE/GOPR4863.JPG,Primary,ALLFISHDATA/Primary camera/DCIM/104GOPROSOURCE,62.2,106.8,mid,high,0.195,low,1,0.176848,yes,fish_folders
ALLFISHDATA/Primary camera/DCIM/104GOPROSOURCE/GOPR4874.JPG,ALLFISHDATA,Primary camera/DCIM/104GOPROSOURCE/GOPR4874.JPG,Primary,ALLFISHDATA/Primary camera/DCIM/104GOPROSOURCE,64.5,108.1,high,high,0.261,mid,1,0.317262,yes,fish_folders
ALLFISHDATA/Primary camera/DCIM/104GOPROSOURCE/GOPR4876.JPG,ALLFISHDATA,Primary camera/DCIM/104GOPROSOURCE/GOPR4876.JPG,Primary,ALLFISHDATA/Primary camera/DCIM/104GOPROSOURCE,66.8,106.8,high,high,0.239,low,1,0.392450,yes,fish_folders
ALLFISHDATA/Primary camera/DCIM/104GOPROSOURCE/GOPR4878.JPG,ALLFISHDATA,Primary camera/DCIM/104GOPROSOURCE/GOPR4878.JPG,Primary,ALLFISHDATA/Primary camera/DCIM/104GOPROSOURCE,70.2,106.1,high,high,0.377,mid,1,0.350933,yes,fish_folders
ALLFISHDATA/Primary camera/DCIM/104GOPROSOURCE/GOPR4893.JPG,ALLFISHDATA,Primary camera/DCIM/104GOPROSOURCE/GOPR4893.JPG,Primary,ALLFISHDATA/Primary camera/DCIM/104GOPROSOURCE,46.1,105.2,low,high,0.190,low,1,0.334339,yes,faint
ALLFISHDATA/Primary camera/DCIM/104GOPROSOURCE/GOPR4901.JPG,ALLFISHDATA,Primary camera/DCIM/104GOPROSOURCE/GOPR4901.JPG,Primary,ALLFISHDATA/Primary camera/DCIM/104GOPROSOURCE,45.5,104.9,low,high,0.164,low,1,0.331577,yes,faint
ALLFISHDATA/Primary camera/DCIM/104GOPROSOURCE/GOPR4903.JPG,ALLFISHDATA,Primary camera/DCIM/104GOPROSOURCE/GOPR4903.JPG,Primary,ALLFISHDATA/Primary camera/DCIM/104GOPROSOURCE,49.9,104.2,mid,high,0.125,low,1,0.343538,yes,faint
ALLFISHDATA/Primary camera/DCIM/104GOPROSOURCE/GOPR4908.JPG,ALLFISHDATA,Primary camera/DCIM/104GOPROSOURCE/GOPR4908.JPG,Primary,ALLFISHDATA/Primary camera/DCIM/104GOPROSOURCE,48.4,104.3,mid,high,0.787,high,1,0.105459,yes,fish_folders
ALLFISHDATA/Primary camera/DCIM/104GOPROSOURCE/GOPR4910.JPG,ALLFISHDATA,Primary camera/DCIM/104GOPROSOURCE/GOPR4910.JPG,Primary,ALLFISHDATA/Primary camera/DCIM/104GOPROSOURCE,67.1,106.3,high,high,0.352,mid,1,0.345150,yes,fish_folders
ALLFISHDATA/Primary camera/DCIM/104GOPROSOURCE/GOPR4916.JPG,ALLFISHDATA,Primary camera/DCIM/104GOPROSOURCE/GOPR4916.JPG,Primary,ALLFISHDATA/Primary camera/DCIM/104GOPROSOURCE,46.1,106.0,low,high,0.310,mid,1,0.034199,no,fish_folders
ALLFISHDATA/Primary camera/DCIM/104GOPROSOURCE/GOPR4917.JPG,ALLFISHDATA,Primary camera/DCIM/104GOPROSOURCE/GOPR4917.JPG,Primary,ALLFISHDATA/Primary camera/DCIM/104GOPROSOURCE,49.8,106.0,mid,high,0.226,low,1,0.024115,no,faint
ALLFISHDATA/Primary camera/DCIM/104GOPROSOURCE/GOPR4918.JPG,ALLFISHDATA,Primary camera/DCIM/104GOPROSOURCE/GOPR4918.JPG,Primary,ALLFISHDATA/Primary camera/DCIM/104GOPROSOURCE,47.9,105.7,low,high,0.390,mid,1,0.023853,no,fish_folders
ALLFISHDATA/Primary camera/DCIM/104GOPROSOURCE/GOPR4919.JPG,ALLFISHDATA,Primary camera/DCIM/104GOPROSOURCE/GOPR4919.JPG,Primary,ALLFISHDATA/Primary camera/DCIM/104GOPROSOURCE,47.9,105.6,low,high,0.142,low,1,0.380402,yes,fish_folders
ALLFISHDATA/Primary camera/DCIM/104GOPROSOURCE/GOPR4937.JPG,ALLFISHDATA,Primary camera/DCIM/104GOPROSOURCE/GOPR4937.JPG,Primary,ALLFISHDATA/Primary camera/DCIM/104GOPROSOURCE,53.2,111.7,mid,high,0.145,low,1,0.003658,no,fish_folders
ALLFISHDATA/Primary camera/DCIM/104GOPROSOURCE/GOPR4944.JPG,ALLFISHDATA,Primary camera/DCIM/104GOPROSOURCE/GOPR4944.JPG,Primary,ALLFISHDATA/Primary camera/DCIM/104GOPROSOURCE,67.2,108.0,high,high,0.574,high,18,0.027808,no,confident
ALLFISHDATA/Primary camera/DCIM/104GOPROSOURCE/GOPR4969.JPG,ALLFISHDATA,Primary camera/DCIM/104GOPROSOURCE/GOPR4969.JPG,Primary,ALLFISHDATA/Primary camera/DCIM/104GOPROSOURCE,47.1,105.9,low,high,0.156,low,1,0.358263,yes,fish_folders
ALLFISHDATA/Primary camera/DCIM/104GOPROSOURCE/GOPR4995.JPG,ALLFISHDATA,Primary camera/DCIM/104GOPROSOURCE/GOPR4995.JPG,Primary,ALLFISHDATA/Primary camera/DCIM/104GOPROSOURCE,69.7,108.9,high,high,0.351,mid,8,0.002532,no,fish_folders
ALLFISHDATA/Primary camera/DCIM/104GOPROSOURCE/GOPR4996.JPG,ALLFISHDATA,Primary camera/DCIM/104GOPROSOURCE/GOPR4996.JPG,Primary,ALLFISHDATA/Primary camera/DCIM/104GOPROSOURCE,66.8,108.3,high,high,0.383,mid,7,0.002223,no,fish_folders
ALLFISHDATA/Primary camera/DCIM/104GOPROSOURCE/GOPR4998.JPG,ALLFISHDATA,Primary camera/DCIM/104GOPROSOURCE/GOPR4998.JPG,Primary,ALLFISHDATA/Primary camera/DCIM/104GOPROSOURCE,64.6,106.7,high,high,0.222,low,1,0.394208,yes,fish_folders
ALLFISHDATA/Primary camera/DCIM/104GOPROSOURCE/GOPR5000.JPG,ALLFISHDATA,Primary camera/DCIM/104GOPROSOURCE/GOPR5000.JPG,Primary,ALLFISHDATA/Primary camera/DCIM/104GOPROSOURCE,61.7,110.4,mid,high,0.788,high,45,0.032683,no,fish_folders
ALLFISHDATA/Primary camera/DCIM/104GOPROSOURCE/GOPR5020.JPG,ALLFISHDATA,Primary camera/DCIM/104GOPROSOURCE/GOPR5020.JPG,Primary,ALLFISHDATA/Primary camera/DCIM/104GOPROSOURCE,46.8,125.6,low,high,0.701,high,7,0.076821,no,confident
ALLFISHDATA/Primary camera/DCIM/104GOPROSOURCE/GOPR5065.JPG,ALLFISHDATA,Primary camera/DCIM/104GOPROSOURCE/GOPR5065.JPG,Primary,ALLFISHDATA/Primary camera/DCIM/104GOPROSOURCE,64.8,106.8,high,high,0.201,low,2,0.087975,no,faint
ALLFISHDATA/Primary camera/DCIM/104GOPROSOURCE/GOPR5073.JPG,ALLFISHDATA,Primary camera/DCIM/104GOPROSOURCE/GOPR5073.JPG,Primary,ALLFISHDATA/Primary camera/DCIM/104GOPROSOURCE,45.7,106.2,low,high,0.108,low,1,0.006286,no,fish_folders
ALLFISHDATA/Primary camera/DCIM/104GOPROSOURCE/GOPR5075.JPG,ALLFISHDATA,Primary camera/DCIM/104GOPROSOURCE/GOPR5075.JPG,Primary,ALLFISHDATA/Primary camera/DCIM/104GOPROSOURCE,66.1,105.9,high,high,0.134,low,1,0.341838,yes,faint
ALLFISHDATA/Primary camera/DCIM/104GOPROSOURCE/GOPR5090.JPG,ALLFISHDATA,Primary camera/DCIM/104GOPROSOURCE/GOPR5090.JPG,Primary,ALLFISHDATA/Primary camera/DCIM/104GOPROSOURCE,51.8,111.1,mid,high,0.175,low,1,0.004929,no,fish_folders
ALLFISHDATA/Primary camera/DCIM/104GOPROSOURCE/GOPR5095.JPG,ALLFISHDATA,Primary camera/DCIM/104GOPROSOURCE/GOPR5095.JPG,Primary,ALLFISHDATA/Primary camera/DCIM/104GOPROSOURCE,53.0,121.9,mid,high,0.393,mid,3,0.395928,yes,fish_folders
ALLFISHDATA/Primary camera/DCIM/104GOPROSOURCE/GOPR5102.JPG,ALLFISHDATA,Primary camera/DCIM/104GOPROSOURCE/GOPR5102.JPG,Primary,ALLFISHDATA/Primary camera/DCIM/104GOPROSOURCE,42.8,110.0,low,high,0.319,mid,1,0.397350,yes,fish_folders
ALLFISHDATA/Primary camera/DCIM/104GOPROSOURCE/GOPR5103.JPG,ALLFISHDATA,Primary camera/DCIM/104GOPROSOURCE/GOPR5103.JPG,Primary,ALLFISHDATA/Primary camera/DCIM/104GOPROSOURCE,48.0,109.1,low,high,0.490,mid,8,0.038441,no,fish_folders
ALLFISHDATA/Primary camera/DCIM/104GOPROSOURCE/GOPR5104.JPG,ALLFISHDATA,Primary camera/DCIM/104GOPROSOURCE/GOPR5104.JPG,Primary,ALLFISHDATA/Primary camera/DCIM/104GOPROSOURCE,49.2,104.9,mid,high,0.638,high,2,0.407199,yes,confident
ALLFISHDATA/Primary camera/DCIM/104GOPROSOURCE/GOPR5112.JPG,ALLFISHDATA,Primary camera/DCIM/104GOPROSOURCE/GOPR5112.JPG,Primary,ALLFISHDATA/Primary camera/DCIM/104GOPROSOURCE,51.2,111.1,mid,high,0.612,high,1,0.037474,no,fish_folders
ALLFISHDATA/Primary camera/DCIM/104GOPROSOURCE/GOPR5125.JPG,ALLFISHDATA,Primary camera/DCIM/104GOPROSOURCE/GOPR5125.JPG,Primary,ALLFISHDATA/Primary camera/DCIM/104GOPROSOURCE,45.2,106.5,low,high,0.376,mid,1,0.033961,no,fish_folders
ALLFISHDATA/Primary camera/DCIM/105GOPRO/GOPR5208.JPG,ALLFISHDATA,Primary camera/DCIM/105GOPRO/GOPR5208.JPG,Primary,ALLFISHDATA/Primary camera/DCIM/105GOPRO,55.6,106.6,mid,high,0.801,high,2,0.038272,no,hard_negatives
ALLFISHDATA/Primary camera/DCIM/105GOPRO/GOPR5237.JPG,ALLFISHDATA,Primary camera/DCIM/105GOPRO/GOPR5237.JPG,Primary,ALLFISHDATA/Primary camera/DCIM/105GOPRO,67.1,103.7,high,mid,0.666,high,2,0.024570,no,confident
ALLFISHDATA/Primary camera/DCIM/105GOPRO/GOPR5258.JPG,ALLFISHDATA,Primary camera/DCIM/105GOPRO/GOPR5258.JPG,Primary,ALLFISHDATA/Primary camera/DCIM/105GOPRO,54.0,104.7,mid,high,0.153,low,1,0.391555,yes,faint
ALLFISHDATA/Primary camera/DCIM/105GOPRO/GOPR5275.JPG,ALLFISHDATA,Primary camera/DCIM/105GOPRO/GOPR5275.JPG,Primary,ALLFISHDATA/Primary camera/DCIM/105GOPRO,53.9,106.2,mid,high,0.483,mid,2,0.358957,yes,hard_negatives
ALLFISHDATA/Primary camera/DCIM/105GOPRO/GOPR5276.JPG,ALLFISHDATA,Primary camera/DCIM/105GOPRO/GOPR5276.JPG,Primary,ALLFISHDATA/Primary camera/DCIM/105GOPRO,46.1,106.5,low,high,0.294,mid,1,0.034428,no,hard_negatives
ALLFISHDATA/Primary camera/DCIM/105GOPRO/GOPR5279.JPG,ALLFISHDATA,Primary camera/DCIM/105GOPRO/GOPR5279.JPG,Primary,ALLFISHDATA/Primary camera/DCIM/105GOPRO,44.8,106.8,low,high,0.204,low,1,0.365158,yes,faint
ALLFISHDATA/Primary camera/DCIM/105GOPRO/GOPR5296.JPG,ALLFISHDATA,Primary camera/DCIM/105GOPRO/GOPR5296.JPG,Primary,ALLFISHDATA/Primary camera/DCIM/105GOPRO,55.1,104.2,mid,high,0.552,high,2,0.379045,yes,confident
ALLFISHDATA/Primary camera/DCIM/105GOPRO/GOPR5301.JPG,ALLFISHDATA,Primary camera/DCIM/105GOPRO/GOPR5301.JPG,Primary,ALLFISHDATA/Primary camera/DCIM/105GOPRO,64.5,103.3,high,mid,0.542,high,1,0.032267,no,confident
ALLFISHDATA/Primary camera/DCIM/105GOPRO/GOPR5314.JPG,ALLFISHDATA,Primary camera/DCIM/105GOPRO/GOPR5314.JPG,Primary,ALLFISHDATA/Primary camera/DCIM/105GOPRO,50.9,102.6,mid,mid,0.676,high,1,0.039973,no,confident
ALLFISHDATA/Primary camera/DCIM/105GOPRO/GOPR5339.JPG,ALLFISHDATA,Primary camera/DCIM/105GOPRO/GOPR5339.JPG,Primary,ALLFISHDATA/Primary camera/DCIM/105GOPRO,61.4,107.3,mid,high,0.693,high,1,0.224700,yes,confident
ALLFISHDATA/Primary camera/DCIM/105GOPRO/GOPR5341.JPG,ALLFISHDATA,Primary camera/DCIM/105GOPRO/GOPR5341.JPG,Primary,ALLFISHDATA/Primary camera/DCIM/105GOPRO,51.7,97.3,mid,mid,0.129,low,1,0.367254,yes,faint
ALLFISHDATA/Primary camera/DCIM/105GOPRO/GOPR5379.JPG,ALLFISHDATA,Primary camera/DCIM/105GOPRO/GOPR5379.JPG,Primary,ALLFISHDATA/Primary camera/DCIM/105GOPRO,61.0,99.1,mid,mid,0.450,mid,1,0.037603,no,hard_negatives
ALLFISHDATA/Primary camera/DCIM/105GOPRO/GOPR5398.JPG,ALLFISHDATA,Primary camera/DCIM/105GOPRO/GOPR5398.JPG,Primary,ALLFISHDATA/Primary camera/DCIM/105GOPRO,86.4,89.8,high,mid,0.481,mid,1,0.417146,yes,hard_negatives
ALLFISHDATA/Primary camera/DCIM/105GOPRO/GOPR5418.JPG,ALLFISHDATA,Primary camera/DCIM/105GOPRO/GOPR5418.JPG,Primary,ALLFISHDATA/Primary camera/DCIM/105GOPRO,47.9,88.9,low,mid,0.550,high,2,0.435547,yes,confident
ALLFISHDATA/Primary camera/DCIM/105GOPRO/GOPR5423.JPG,ALLFISHDATA,Primary camera/DCIM/105GOPRO/GOPR5423.JPG,Primary,ALLFISHDATA/Primary camera/DCIM/105GOPRO,50.7,88.7,mid,mid,0.522,high,2,0.408983,yes,hard_negatives
ALLFISHDATA/Primary camera/DCIM/105GOPRO/GOPR5428.JPG,ALLFISHDATA,Primary camera/DCIM/105GOPRO/GOPR5428.JPG,Primary,ALLFISHDATA/Primary camera/DCIM/105GOPRO,61.3,86.7,mid,mid,0.459,mid,1,0.416183,yes,hard_negatives
ALLFISHDATA/Primary camera/DCIM/105GOPRO/GOPR5438.JPG,ALLFISHDATA,Primary camera/DCIM/105GOPRO/GOPR5438.JPG,Primary,ALLFISHDATA/Primary camera/DCIM/105GOPRO,43.0,78.1,low,mid,0.429,mid,2,0.410577,yes,hard_negatives
ALLFISHDATA/Primary camera/DCIM/105GOPRO/GOPR5443.JPG,ALLFISHDATA,Primary camera/DCIM/105GOPRO/GOPR5443.JPG,Primary,ALLFISHDATA/Primary camera/DCIM/105GOPRO,43.6,73.4,low,low,0.303,mid,3,0.395446,yes,hard_negatives
ALLFISHDATA/Primary camera/DCIM/105GOPRO/GOPR5445.JPG,ALLFISHDATA,Primary camera/DCIM/105GOPRO/GOPR5445.JPG,Primary,ALLFISHDATA/Primary camera/DCIM/105GOPRO,46.1,72.7,low,low,0.286,mid,5,0.418034,yes,hard_negatives
ALLFISHDATA/Primary camera/DCIM/105GOPRO/GOPR5450.JPG,ALLFISHDATA,Primary camera/DCIM/105GOPRO/GOPR5450.JPG,Primary,ALLFISHDATA/Primary camera/DCIM/105GOPRO,60.5,69.0,mid,low,0.292,mid,4,0.419299,yes,hard_negatives
ALLFISHDATA/Primary camera/DCIM/105GOPRO/GOPR5476.JPG,ALLFISHDATA,Primary camera/DCIM/105GOPRO/GOPR5476.JPG,Primary,ALLFISHDATA/Primary camera/DCIM/105GOPRO,70.7,57.4,high,low,0.344,mid,1,0.399058,yes,hard_negatives
ALLFISHDATA/Primary camera/DCIM/105GOPRO/GOPR5477.JPG,ALLFISHDATA,Primary camera/DCIM/105GOPRO/GOPR5477.JPG,Primary,ALLFISHDATA/Primary camera/DCIM/105GOPRO,71.5,52.5,high,low,0.629,high,1,0.420989,yes,confident
ALLFISHDATA/Primary camera/DCIM/105GOPRO/GOPR5479.JPG,ALLFISHDATA,Primary camera/DCIM/105GOPRO/GOPR5479.JPG,Primary,ALLFISHDATA/Primary camera/DCIM/105GOPRO,69.8,44.4,high,low,0.685,high,2,0.420000,yes,confident
ALLFISHDATA/Primary camera/DCIM/105GOPRO/GOPR5480.JPG,ALLFISHDATA,Primary camera/DCIM/105GOPRO/GOPR5480.JPG,Primary,ALLFISHDATA/Primary camera/DCIM/105GOPRO,99.4,45.0,high,low,0.591,high,1,0.373652,yes,hard_negatives
ALLFISHDATA/Primary camera/DCIM/105GOPRO/GOPR5490.JPG,ALLFISHDATA,Primary camera/DCIM/105GOPRO/GOPR5490.JPG,Primary,ALLFISHDATA/Primary camera/DCIM/105GOPRO,42.5,73.8,low,low,0.667,high,3,0.013600,no,confident
ALLFISHDATA/Primary camera/DCIM/105GOPRO/GOPR5493.JPG,ALLFISHDATA,Primary camera/DCIM/105GOPRO/GOPR5493.JPG,Primary,ALLFISHDATA/Primary camera/DCIM/105GOPRO,41.2,72.6,low,low,0.536,high,1,0.005150,no,confident
ALLFISHDATA/Primary camera/DCIM/105GOPRO/GOPR5530.JPG,ALLFISHDATA,Primary camera/DCIM/105GOPRO/GOPR5530.JPG,Primary,ALLFISHDATA/Primary camera/DCIM/105GOPRO,44.5,67.7,low,low,0.157,low,1,0.173825,yes,faint
ALLFISHDATA/Primary camera/DCIM/105GOPRO/GOPR5536.JPG,ALLFISHDATA,Primary camera/DCIM/105GOPRO/GOPR5536.JPG,Primary,ALLFISHDATA/Primary camera/DCIM/105GOPRO,49.0,66.0,mid,low,0.559,high,1,0.195741,yes,confident
ALLFISHDATA/Primary camera/DCIM/105GOPRO/GOPR5605.JPG,ALLFISHDATA,Primary camera/DCIM/105GOPRO/GOPR5605.JPG,Primary,ALLFISHDATA/Primary camera/DCIM/105GOPRO,67.3,60.0,high,low,0.308,mid,1,0.178674,yes,hard_negatives
ALLFISHDATA/Primary camera/DCIM/105GOPRO/GOPR5649.JPG,ALLFISHDATA,Primary camera/DCIM/105GOPRO/GOPR5649.JPG,Primary,ALLFISHDATA/Primary camera/DCIM/105GOPRO,82.1,20.1,high,low,0.306,mid,1,0.436304,yes,hard_negatives
ALLFISHDATA/Primary camera/DCIM/105GOPRO/GOPR5747.JPG,ALLFISHDATA,Primary camera/DCIM/105GOPRO/GOPR5747.JPG,Primary,ALLFISHDATA/Primary camera/DCIM/105GOPRO,96.2,76.4,high,mid,0.102,low,1,0.009532,no,faint
ALLFISHDATA/Primary camera/DCIM/105GOPRO/GOPR5799.JPG,ALLFISHDATA,Primary camera/DCIM/105GOPRO/GOPR5799.JPG,Primary,ALLFISHDATA/Primary camera/DCIM/105GOPRO,68.2,76.6,high,mid,0.323,mid,2,0.001821,no,hard_negatives
ALLFISHDATA/Primary camera/DCIM/105GOPRO/GOPR5817.JPG,ALLFISHDATA,Primary camera/DCIM/105GOPRO/GOPR5817.JPG,Primary,ALLFISHDATA/Primary camera/DCIM/105GOPRO,66.3,76.7,high,mid,0.333,mid,1,0.003162,no,hard_negatives
ALLFISHDATA/Primary camera/DCIM/105GOPRO/GOPR5878.JPG,ALLFISHDATA,Primary camera/DCIM/105GOPRO/GOPR5878.JPG,Primary,ALLFISHDATA/Primary camera/DCIM/105GOPRO,84.4,74.2,high,low,0.166,low,1,0.167281,yes,faint
ALLFISHDATA/Primary camera/DCIM/105GOPRO/GOPR5906.JPG,ALLFISHDATA,Primary camera/DCIM/105GOPRO/GOPR5906.JPG,Primary,ALLFISHDATA/Primary camera/DCIM/105GOPRO,50.2,69.8,mid,low,0.146,low,1,0.164552,yes,faint
ALLFISHDATA/Primary camera/DCIM/105GOPRO/GOPR5916.JPG,ALLFISHDATA,Primary camera/DCIM/105GOPRO/GOPR5916.JPG,Primary,ALLFISHDATA/Primary camera/DCIM/105GOPRO,53.4,69.6,mid,low,0.259,mid,1,0.220516,yes,hard_negatives
ALLFISHDATA/Primary camera/DCIM/105GOPRO/GOPR5993.JPG,ALLFISHDATA,Primary camera/DCIM/105GOPRO/GOPR5993.JPG,Primary,ALLFISHDATA/Primary camera/DCIM/105GOPRO,41.7,71.3,low,low,0.274,mid,2,0.415163,yes,hard_negatives
ALLFISHDATA/Primary camera/DCIM/105GOPRO/GOPR5998.JPG,ALLFISHDATA,Primary camera/DCIM/105GOPRO/GOPR5998.JPG,Primary,ALLFISHDATA/Primary camera/DCIM/105GOPRO,43.9,71.6,low,low,0.556,high,2,0.398796,yes,hard_negatives
ALLFISHDATA/Primary camera/DCIM/105GOPRO/GOPR6006.JPG,ALLFISHDATA,Primary camera/DCIM/105GOPRO/GOPR6006.JPG,Primary,ALLFISHDATA/Primary camera/DCIM/105GOPRO,43.9,75.4,low,mid,0.456,mid,2,0.406555,yes,hard_negatives
ALLFISHDATA/Primary camera/DCIM/105GOPRO/GOPR6010.JPG,ALLFISHDATA,Primary camera/DCIM/105GOPRO/GOPR6010.JPG,Primary,ALLFISHDATA/Primary camera/DCIM/105GOPRO,44.4,77.4,low,mid,0.300,mid,2,0.380625,yes,hard_negatives
ALLFISHDATA/Primary camera/DCIM/105GOPRO/GOPR6013.JPG,ALLFISHDATA,Primary camera/DCIM/105GOPRO/GOPR6013.JPG,Primary,ALLFISHDATA/Primary camera/DCIM/105GOPRO,44.0,78.5,low,mid,0.616,high,2,0.407755,yes,confident
ALLFISHDATA/Primary camera/DCIM/105GOPRO/GOPR6016.JPG,ALLFISHDATA,Primary camera/DCIM/105GOPRO/GOPR6016.JPG,Primary,ALLFISHDATA/Primary camera/DCIM/105GOPRO,45.2,78.8,low,mid,0.357,mid,1,0.415649,yes,hard_negatives
ALLFISHDATA/Primary camera/DCIM/105GOPRO/GOPR6029.JPG,ALLFISHDATA,Primary camera/DCIM/105GOPRO/GOPR6029.JPG,Primary,ALLFISHDATA/Primary camera/DCIM/105GOPRO,50.3,83.5,mid,mid,0.537,high,2,0.404420,yes,confident
ALLFISHDATA/Primary camera/DCIM/105GOPRO/GOPR6031.JPG,ALLFISHDATA,Primary camera/DCIM/105GOPRO/GOPR6031.JPG,Primary,ALLFISHDATA/Primary camera/DCIM/105GOPRO,47.0,84.6,low,mid,0.203,low,1,0.417088,yes,faint
ALLFISHDATA/Primary camera/DCIM/105GOPRO/GOPR6089.JPG,ALLFISHDATA,Primary camera/DCIM/105GOPRO/GOPR6089.JPG,Primary,ALLFISHDATA/Primary camera/DCIM/105GOPRO,67.4,104.9,high,high,0.240,low,1,0.010570,no,faint
ALLFISHDATA/Primary camera/DCIM/105GOPRO/GOPR6095.JPG,ALLFISHDATA,Primary camera/DCIM/105GOPRO/GOPR6095.JPG,Primary,ALLFISHDATA/Primary camera/DCIM/105GOPRO,70.6,100.9,high,mid,0.311,mid,2,0.375461,yes,hard_negatives
ALLFISHDATA/Primary camera/DCIM/105GOPRO/GOPR6106.JPG,ALLFISHDATA,Primary camera/DCIM/105GOPRO/GOPR6106.JPG,Primary,ALLFISHDATA/Primary camera/DCIM/105GOPRO,56.4,104.1,mid,high,0.354,mid,1,0.010783,no,hard_negatives
ALLFISHDATA/Primary camera/DCIM/105GOPRO/GOPR6114.JPG,ALLFISHDATA,Primary camera/DCIM/105GOPRO/GOPR6114.JPG,Primary,ALLFISHDATA/Primary camera/DCIM/105GOPRO,73.4,105.1,high,high,0.373,mid,1,0.011494,no,hard_negatives
ALLFISHDATA/Primary camera/DCIM/105GOPRO/GOPR6115.JPG,ALLFISHDATA,Primary camera/DCIM/105GOPRO/GOPR6115.JPG,Primary,ALLFISHDATA/Primary camera/DCIM/105GOPRO,73.3,106.0,high,high,0.299,mid,2,0.419570,yes,hard_negatives
ALLFISHDATA/Primary camera/DCIM/105GOPRO/GOPR6130.JPG,ALLFISHDATA,Primary camera/DCIM/105GOPRO/GOPR6130.JPG,Primary,ALLFISHDATA/Primary camera/DCIM/105GOPRO,89.5,108.4,high,high,0.442,mid,1,0.010427,no,hard_negatives
ALLFISHDATA/Primary camera/DCIM/105GOPRO/GOPR6148.JPG,ALLFISHDATA,Primary camera/DCIM/105GOPRO/GOPR6148.JPG,Primary,ALLFISHDATA/Primary camera/DCIM/105GOPRO,77.0,111.0,high,high,0.646,high,1,0.018300,no,hard_negatives
ALLFISHDATA/Primary camera/DCIM/105GOPRO/GOPR6149.JPG,ALLFISHDATA,Primary camera/DCIM/105GOPRO/GOPR6149.JPG,Primary,ALLFISHDATA/Primary camera/DCIM/105GOPRO,72.6,112.0,high,high,0.654,high,1,0.016114,no,confident
ALLFISHDATA/Primary camera/DCIM/105GOPRO/GOPR6151.JPG,ALLFISHDATA,Primary camera/DCIM/105GOPRO/GOPR6151.JPG,Primary,ALLFISHDATA/Primary camera/DCIM/105GOPRO,62.0,110.8,mid,high,0.729,high,2,0.019097,no,hard_negatives
ALLFISHDATA/Primary camera/DCIM/105GOPRO/GOPR6152.JPG,ALLFISHDATA,Primary camera/DCIM/105GOPRO/GOPR6152.JPG,Primary,ALLFISHDATA/Primary camera/DCIM/105GOPRO,76.6,113.5,high,high,0.776,high,1,0.019037,no,confident
ALLFISHDATA/Primary camera/DCIM/106GOPRO/GOPR6196.JPG,ALLFISHDATA,Primary camera/DCIM/106GOPRO/GOPR6196.JPG,Primary,ALLFISHDATA/Primary camera/DCIM/106GOPRO,63.9,94.5,high,mid,0.126,low,1,0.002436,no,faint
ALLFISHDATA/Primary camera/DCIM/106GOPRO/GOPR6222.JPG,ALLFISHDATA,Primary camera/DCIM/106GOPRO/GOPR6222.JPG,Primary,ALLFISHDATA/Primary camera/DCIM/106GOPRO,74.4,114.4,high,high,0.804,high,1,0.010364,no,confident
ALLFISHDATA/Primary camera/DCIM/106GOPRO/GOPR6296.JPG,ALLFISHDATA,Primary camera/DCIM/106GOPRO/GOPR6296.JPG,Primary,ALLFISHDATA/Primary camera/DCIM/106GOPRO,61.1,101.3,mid,mid,0.109,low,1,0.010165,no,faint
ALLFISHDATA/Primary camera/DCIM/106GOPRO/GOPR6307.JPG,ALLFISHDATA,Primary camera/DCIM/106GOPRO/GOPR6307.JPG,Primary,ALLFISHDATA/Primary camera/DCIM/106GOPRO,42.3,95.2,low,mid,0.871,high,1,0.129551,yes,confident
ALLFISHDATA/Primary camera/DCIM/106GOPRO/GOPR6312.JPG,ALLFISHDATA,Primary camera/DCIM/106GOPRO/GOPR6312.JPG,Primary,ALLFISHDATA/Primary camera/DCIM/106GOPRO,47.4,99.8,low,mid,0.528,high,1,0.003242,no,confident
ALLFISHDATA/Primary camera/DCIM/106GOPRO/GOPR6343.JPG,ALLFISHDATA,Primary camera/DCIM/106GOPRO/GOPR6343.JPG,Primary,ALLFISHDATA/Primary camera/DCIM/106GOPRO,63.9,112.3,high,high,0.561,high,1,0.002928,no,confident
ALLFISHDATA/Primary camera/DCIM/106GOPRO/GOPR6369.JPG,ALLFISHDATA,Primary camera/DCIM/106GOPRO/GOPR6369.JPG,Primary,ALLFISHDATA/Primary camera/DCIM/106GOPRO,70.0,110.3,high,high,0.101,low,1,0.002603,no,faint
ALLFISHDATA/Primary camera/DCIM/106GOPRO/GOPR6421.JPG,ALLFISHDATA,Primary camera/DCIM/106GOPRO/GOPR6421.JPG,Primary,ALLFISHDATA/Primary camera/DCIM/106GOPRO,52.3,101.1,mid,mid,0.654,high,2,0.004059,no,confident
ALLFISHDATA/Primary camera/DCIM/106GOPRO/GOPR6472.JPG,ALLFISHDATA,Primary camera/DCIM/106GOPRO/GOPR6472.JPG,Primary,ALLFISHDATA/Primary camera/DCIM/106GOPRO,55.9,102.5,mid,mid,0.615,high,1,0.003104,no,confident
ALLFISHDATA/Primary camera/DCIM/106GOPRO/GOPR6519.JPG,ALLFISHDATA,Primary camera/DCIM/106GOPRO/GOPR6519.JPG,Primary,ALLFISHDATA/Primary camera/DCIM/106GOPRO,42.6,100.2,low,mid,0.230,low,2,0.004679,no,faint
ALLFISHDATA/Primary camera/DCIM/106GOPRO/GOPR6594.JPG,ALLFISHDATA,Primary camera/DCIM/106GOPRO/GOPR6594.JPG,Primary,ALLFISHDATA/Primary camera/DCIM/106GOPRO,66.7,105.7,high,high,0.508,high,1,0.140800,yes,confident
ALLFISHDATA/Primary camera/DCIM/106GOPRO/GOPR6609.JPG,ALLFISHDATA,Primary camera/DCIM/106GOPRO/GOPR6609.JPG,Primary,ALLFISHDATA/Primary camera/DCIM/106GOPRO,45.0,107.7,low,high,0.578,high,2,0.006056,no,confident
ALLFISHDATA/Primary camera/DCIM/106GOPRO/GOPR6664.JPG,ALLFISHDATA,Primary camera/DCIM/106GOPRO/GOPR6664.JPG,Primary,ALLFISHDATA/Primary camera/DCIM/106GOPRO,49.9,111.8,mid,high,0.863,high,2,0.185721,yes,confident
ALLFISHDATA/Primary camera/DCIM/106GOPRO/GOPR6668.JPG,ALLFISHDATA,Primary camera/DCIM/106GOPRO/GOPR6668.JPG,Primary,ALLFISHDATA/Primary camera/DCIM/106GOPRO,50.4,118.9,mid,high,0.888,high,2,0.222373,yes,confident
ALLFISHDATA/Primary camera/DCIM/106GOPRO/GOPR6720.JPG,ALLFISHDATA,Primary camera/DCIM/106GOPRO/GOPR6720.JPG,Primary,ALLFISHDATA/Primary camera/DCIM/106GOPRO,47.7,123.9,low,high,0.149,low,1,0.003418,no,faint
ALLFISHDATA/Primary camera/DCIM/106GOPRO/GOPR6734.JPG,ALLFISHDATA,Primary camera/DCIM/106GOPRO/GOPR6734.JPG,Primary,ALLFISHDATA/Primary camera/DCIM/106GOPRO,40.9,115.3,low,high,0.670,high,1,0.003383,no,confident
ALLFISHDATA/Primary camera/DCIM/106GOPRO/GOPR6804.JPG,ALLFISHDATA,Primary camera/DCIM/106GOPRO/GOPR6804.JPG,Primary,ALLFISHDATA/Primary camera/DCIM/106GOPRO,62.8,104.2,mid,high,0.122,low,1,0.294660,yes,faint
ALLFISHDATA/Primary camera/DCIM/106GOPRO/GOPR6926.JPG,ALLFISHDATA,Primary camera/DCIM/106GOPRO/GOPR6926.JPG,Primary,ALLFISHDATA/Primary camera/DCIM/106GOPRO,97.6,90.7,high,mid,0.531,high,2,0.383229,yes,confident
ALLFISHDATA/Primary camera/DCIM/106GOPRO/GOPR6974.JPG,ALLFISHDATA,Primary camera/DCIM/106GOPRO/GOPR6974.JPG,Primary,ALLFISHDATA/Primary camera/DCIM/106GOPRO,81.5,80.0,high,mid,0.500,high,1,0.010233,no,confident
ALLFISHDATA/Primary camera/DCIM/106GOPRO/GOPR7004.JPG,ALLFISHDATA,Primary camera/DCIM/106GOPRO/GOPR7004.JPG,Primary,ALLFISHDATA/Primary camera/DCIM/106GOPRO,40.5,73.4,low,low,0.742,high,1,0.004050,no,confident
ALLFISHDATA/Primary camera/DCIM/106GOPRO/GOPR7025.JPG,ALLFISHDATA,Primary camera/DCIM/106GOPRO/GOPR7025.JPG,Primary,ALLFISHDATA/Primary camera/DCIM/106GOPRO,38.1,69.6,low,low,0.715,high,1,0.010506,no,confident
ALLFISHDATA/Primary camera/DCIM/106GOPRO/GOPR7026.JPG,ALLFISHDATA,Primary camera/DCIM/106GOPRO/GOPR7026.JPG,Primary,ALLFISHDATA/Primary camera/DCIM/106GOPRO,38.2,70.6,low,low,0.186,low,1,0.002592,no,faint
ALLFISHDATA/Primary camera/DCIM/106GOPRO/GOPR7064.JPG,ALLFISHDATA,Primary camera/DCIM/106GOPRO/GOPR7064.JPG,Primary,ALLFISHDATA/Primary camera/DCIM/106GOPRO,50.3,62.8,mid,low,0.235,low,2,0.007228,no,faint
ALLFISHDATA/Primary camera/DCIM/106GOPRO/GOPR7100.JPG,ALLFISHDATA,Primary camera/DCIM/106GOPRO/GOPR7100.JPG,Primary,ALLFISHDATA/Primary camera/DCIM/106GOPRO,66.5,58.9,high,low,0.139,low,1,0.010010,no,faint
ALLFISHDATA/Primary camera/DCIM/107GOPRO/GOPR7232.JPG,ALLFISHDATA,Primary camera/DCIM/107GOPRO/GOPR7232.JPG,Primary,ALLFISHDATA/Primary camera/DCIM/107GOPRO,67.7,19.5,high,low,0.184,low,1,0.008339,no,faint
ALLFISHDATA/Primary camera/DCIM/107GOPRO/GOPR7247.JPG,ALLFISHDATA,Primary camera/DCIM/107GOPRO/GOPR7247.JPG,Primary,ALLFISHDATA/Primary camera/DCIM/107GOPRO,56.2,14.8,mid,low,0.178,low,3,0.027740,no,faint
ALLFISHDATA/Primary camera/DCIM/107GOPRO/GOPR7267.JPG,ALLFISHDATA,Primary camera/DCIM/107GOPRO/GOPR7267.JPG,Primary,ALLFISHDATA/Primary camera/DCIM/107GOPRO,39.0,10.0,low,low,0.226,low,1,0.033344,no,faint
ALLFISHDATA/Primary camera/DCIM/107GOPRO/GOPR7331.JPG,ALLFISHDATA,Primary camera/DCIM/107GOPRO/GOPR7331.JPG,Primary,ALLFISHDATA/Primary camera/DCIM/107GOPRO,3.6,1.0,low,low,0.591,high,1,0.138865,yes,confident
ALLFISHDATA/Primary camera/DCIM/107GOPRO/GOPR7350.JPG,ALLFISHDATA,Primary camera/DCIM/107GOPRO/GOPR7350.JPG,Primary,ALLFISHDATA/Primary camera/DCIM/107GOPRO,3.0,0.7,low,low,0.601,high,2,0.091198,no,confident
ALLFISHDATA/Primary camera/DCIM/107GOPRO/GOPR7449.JPG,ALLFISHDATA,Primary camera/DCIM/107GOPRO/GOPR7449.JPG,Primary,ALLFISHDATA/Primary camera/DCIM/107GOPRO,57.8,11.8,mid,low,0.653,high,3,0.231163,yes,confident
ALLFISHDATA/Primary camera/DCIM/107GOPRO/GOPR7500.JPG,ALLFISHDATA,Primary camera/DCIM/107GOPRO/GOPR7500.JPG,Primary,ALLFISHDATA/Primary camera/DCIM/107GOPRO,60.2,84.4,mid,mid,0.518,high,3,0.371661,yes,confident
ALLFISHDATA/Primary camera/DCIM/107GOPRO/GOPR7504.JPG,ALLFISHDATA,Primary camera/DCIM/107GOPRO/GOPR7504.JPG,Primary,ALLFISHDATA/Primary camera/DCIM/107GOPRO,49.7,85.3,mid,mid,0.226,low,3,0.385470,yes,faint
ALLFISHDATA/Primary camera/DCIM/107GOPRO/GOPR7505.JPG,ALLFISHDATA,Primary camera/DCIM/107GOPRO/GOPR7505.JPG,Primary,ALLFISHDATA/Primary camera/DCIM/107GOPRO,46.3,85.1,low,mid,0.156,low,2,0.374005,yes,faint
ALLFISHDATA/Primary camera/DCIM/107GOPRO/GOPR7524.JPG,ALLFISHDATA,Primary camera/DCIM/107GOPRO/GOPR7524.JPG,Primary,ALLFISHDATA/Primary camera/DCIM/107GOPRO,60.1,95.1,mid,mid,0.524,high,2,0.338504,yes,confident
ALLFISHDATA/Primary camera/DCIM/107GOPRO/GOPR7530.JPG,ALLFISHDATA,Primary camera/DCIM/107GOPRO/GOPR7530.JPG,Primary,ALLFISHDATA/Primary camera/DCIM/107GOPRO,97.8,99.7,high,mid,0.541,high,3,0.420878,yes,confident
ALLFISHDATA/Primary camera/DCIM/107GOPRO/GOPR7534.JPG,ALLFISHDATA,Primary camera/DCIM/107GOPRO/GOPR7534.JPG,Primary,ALLFISHDATA/Primary camera/DCIM/107GOPRO,73.2,100.9,high,mid,0.725,high,1,0.001365,no,confident
ALLFISHDATA/Primary camera/DCIM/107GOPRO/GOPR7711.JPG,ALLFISHDATA,Primary camera/DCIM/107GOPRO/GOPR7711.JPG,Primary,ALLFISHDATA/Primary camera/DCIM/107GOPRO,61.5,112.1,mid,high,0.190,low,1,0.015075,no,faint
ALLFISHDATA/Primary camera/DCIM/107GOPRO/GOPR7751.JPG,ALLFISHDATA,Primary camera/DCIM/107GOPRO/GOPR7751.JPG,Primary,ALLFISHDATA/Primary camera/DCIM/107GOPRO,43.0,124.6,low,high,0.227,low,1,0.012056,no,faint
ALLFISHDATA/Primary camera/DCIM/107GOPRO/GOPR7913.JPG,ALLFISHDATA,Primary camera/DCIM/107GOPRO/GOPR7913.JPG,Primary,ALLFISHDATA/Primary camera/DCIM/107GOPRO,52.0,108.9,mid,high,0.860,high,2,0.238521,yes,confident
ALLFISHDATA/Primary camera/DCIM/107GOPRO/GOPR7915.JPG,ALLFISHDATA,Primary camera/DCIM/107GOPRO/GOPR7915.JPG,Primary,ALLFISHDATA/Primary camera/DCIM/107GOPRO,52.2,109.9,mid,high,0.833,high,1,0.099034,no,confident
ALLFISHDATA/Primary camera/DCIM/107GOPRO/GOPR7922.JPG,ALLFISHDATA,Primary camera/DCIM/107GOPRO/GOPR7922.JPG,Primary,ALLFISHDATA/Primary camera/DCIM/107GOPRO,64.8,113.8,high,high,0.238,low,1,0.119570,yes,faint
ALLFISHDATA/Primary camera/DCIM/107GOPRO/GOPR7967.JPG,ALLFISHDATA,Primary camera/DCIM/107GOPRO/GOPR7967.JPG,Primary,ALLFISHDATA/Primary camera/DCIM/107GOPRO,66.8,102.4,high,mid,0.133,low,1,0.176571,yes,faint
ALLFISHDATA/Primary camera/DCIM/107GOPRO/GOPR7974.JPG,ALLFISHDATA,Primary camera/DCIM/107GOPRO/GOPR7974.JPG,Primary,ALLFISHDATA/Primary camera/DCIM/107GOPRO,66.8,107.9,high,high,0.598,high,2,0.015046,no,confident
ALLFISHDATA/Primary camera/DCIM/107GOPRO/GOPR7979.JPG,ALLFISHDATA,Primary camera/DCIM/107GOPRO/GOPR7979.JPG,Primary,ALLFISHDATA/Primary camera/DCIM/107GOPRO,63.6,114.2,high,high,0.563,high,1,0.009450,no,confident
ALLFISHDATA/Primary camera/DCIM/107GOPRO/GOPR7988.JPG,ALLFISHDATA,Primary camera/DCIM/107GOPRO/GOPR7988.JPG,Primary,ALLFISHDATA/Primary camera/DCIM/107GOPRO,36.9,80.7,low,mid,0.578,high,2,0.013671,no,confident
ALLFISHDATA/Primary camera/DCIM/107GOPRO/GOPR8027.JPG,ALLFISHDATA,Primary camera/DCIM/107GOPRO/GOPR8027.JPG,Primary,ALLFISHDATA/Primary camera/DCIM/107GOPRO,48.2,105.1,low,high,0.863,high,3,0.389276,yes,confident
ALLFISHDATA/Primary camera/DCIM/107GOPRO/GOPR8029.JPG,ALLFISHDATA,Primary camera/DCIM/107GOPRO/GOPR8029.JPG,Primary,ALLFISHDATA/Primary camera/DCIM/107GOPRO,46.2,105.4,low,high,0.875,high,3,0.409316,yes,confident
ALLFISHDATA/Primary camera/DCIM/107GOPRO/GOPR8043.JPG,ALLFISHDATA,Primary camera/DCIM/107GOPRO/GOPR8043.JPG,Primary,ALLFISHDATA/Primary camera/DCIM/107GOPRO,1085.0,105.7,high,high,0.551,high,1,0.398722,yes,confident
